id,text,label,Comments
34224,会议现场。,neutral,
34230,亚太传播学会联盟与亚洲舆论学会还将于12月4日至6日在菲律宾举行同主题学术年会，以加强多区域的合作交流。亚太传播学会联盟于2018年10月25日创建于清华大学，旨在为亚太地区新闻传播研究合作与教育交流提供广泛而紧密的平台。在全球化的背景下，联盟将致力于弥合因语言文化、社会制度、经济发展水平等原因造成的区域间传播隔阂，促进学科研究和高等教育的发展。,positive,
34236,作为此次大会的举办地，义乌与亚太地区往来源远流长，民间交流活跃，友城合作紧密，在经贸投资、科技教育和旅游人文等领域有着广阔的发展空间。“义乌与全球230多个国家和地区有贸易往来，2022年实现外贸进出口4788亿元，其中对亚太国家实现进出口总额1769亿元，占全市进出口总额的37%。”金华市委常委、义乌市委书记王健介绍。,positive,
34242, （一）,neutral,
34248,进一步加强亚太经合组织合作，应当深化伙伴关系。亚太经合组织是一个大家庭，打造发展创新、增长联动、利益融合的开放型亚太经济格局，符合所有成员共同利益。互信、包容、合作、共赢的伙伴关系，是亚太大家庭的精神纽带，是确保亚太合作处在正确轨道上的重要保障。亚太各国国情千差万别，有分歧并不奇怪。关键是要坚持共谋发展这个公约数，发扬伙伴精神，协商处理分歧，探索解决共同挑战。,positive,
34254,环顾今日亚太，各方利益交融、命运与共是基本现实。任何搞“新冷战”的图谋，人民不会答应，时代不会允许。地区各方普遍认为，阵营对抗解决不了问题，以意识形态划线、搞地缘政治小圈子没有前途，亚太地区不是谁的后花园，不应该成为大国角斗场。印度尼西亚总统佐科表示，东盟不能成为任何国家的代理人，也不能卷入大国竞争。新加坡副总理兼财政部长黄循财指出，东盟成员国不想选边站队，没有人希望看到爆发“新冷战”。地区国家的这些声音，充分表明和平、发展、合作、共赢是人心所向、大势所趋。,neutral,
34260,回顾亚太发展历程，开放合作是重要成功密码。几十年来，亚太各经济体打破市场分割，拉紧经济纽带，积极拥抱世界，为经济发展开辟了广阔空间。茂物目标实施26年，亚太区域的贸易额增长5倍，年均增速6.7%；双向投资增长12倍，年均增速超过10%。,positive,
34266, 《 人民日报 》（ 2023年11月14日 03 版）,neutral,
34272,	当地时间11月17日下午，习近平主席应邀在曼谷举行的亚太经合组织工商领导人峰会上发表题为《坚守初心  共促发展  开启亚太合作新篇章》书面演讲。当地时间11月18日上午，习近平主席出席亚太经合组织第二十九次领导人非正式会议并发表题为《团结合作勇担责任  构建亚太命运共同体》的重要讲话。接受本报记者采访的国际人士表示，习近平主席的书面演讲和重要讲话传递出团结合作、共促发展的坚定信念，新形势下，中国将携手各方构建亚太命运共同体，再创亚太合作新辉煌。,positive,
34278,	“和平稳定的环境就像空气，身在其中时感受不到它的重要性，一旦失去就无法生存。”日本众议院前议员、清华大学日本研究中心客座研究员小池政就表示，和平稳定的大环境是推动国际贸易的重要保障，各国应构筑更多沟通的桥梁，深化国与国之间的理解与合作。,neutral,
34284,	澳大利亚时政评论员戴若·顾比表示，习近平主席倡导打造更高水平的开放格局，这既是对中国经济建设成功经验的总结，也为世界经济发展指明了方向。中国成为140多个国家和地区的主要贸易伙伴，货物贸易总额位居世界第一，吸引外资和对外投资居世界前列。当前逆全球化思潮涌动，单边主义、保护主义明显上升，世界各国更需要加强互联互通、开放合作。,positive,
34290,	智利智中商会主席胡安·埃斯特万·穆萨莱姆表示，中国如期打赢脱贫攻坚战，全面建成小康社会，这是对人类发展事业的重大贡献。“在推进共同富裕的过程中，中国一定能以自身新发展为世界带来新机遇。”,positive,
34296,同心协力 共迎挑战,neutral,
34302,30年前，面对冷战结束后“人类向何处去”的世界之问、历史之问、时代之问，亚太地区领导人顺应和平和发展的时代潮流，召开了首次亚太经合组织领导人非正式会议，一致同意超越集团对抗、零和博弈的旧思维，深化区域经济合作和一体化，致力于共建一个活力、和谐、繁荣的亚太大家庭。这一重大决定推动亚太发展和经济全球化进入快车道，助力亚太成为世界经济增长中心、全球发展稳定之锚和合作高地。亚太合作的非凡历程带给我们许多深刻启示。,neutral,
34308,旧金山是《联合国宪章》签署地，寄托着各国人民对世界和平的美好愿望。和平来之不易，发展任重道远。我们要共同维护联合国宪章宗旨和原则，坚持对话而不对抗、结伴而不结盟的国与国交往之道，维护亚太繁荣稳定。亚太不能也不应该沦为地缘博弈的角斗场，更不能搞“新冷战”和阵营对抗。,neutral,
34314,中国具有社会主义市场经济的体制优势、超大规模市场的需求优势、产业体系配套完整的供给优势、大量高素质劳动者和企业家的人才优势，经济发展具备强劲的内生动力、韧性、潜力。过去，中国在不断战胜风险挑战中爬坡过坎，取得历史性成就。现在，中国经济韧性强、潜力足、回旋余地广，长期向好的基本面没有变也不会变。我们有信心、更有能力实现长期稳定发展，并不断以中国新发展为世界带来新动力、新机遇。,positive,
34320,亚太工商界素来是亚太合作和全球发展的弄潮儿。希望大家弘扬“敢为天下先”的创新精神，为构建开放型亚太经济、助力世界经济发展作出更大贡献。欢迎全球工商界积极参与中国式现代化进程，共享中国高质量发展带来的巨大机遇！,positive,
34326,中华人民共和国主席 习近平,neutral,
34332,女士们、先生们、朋友们！,neutral,
34338,女士们、先生们、朋友们！,neutral,
34344,我想强调，中国经济克服挑战、稳步前行，实现高质量发展，这也是推进中国式现代化的必然要求。中国式现代化的出发点和落脚点是让14亿多中国人民过上更加美好的生活。对世界来说，这意味着更加广阔的市场和前所未有的合作机遇，也将为世界现代化注入强大动力。,positive,
34350,携手共促亚太高质量增长,positive,
34356,当前，世界百年变局加速演进，世界经济面临多种风险挑战，作为全球增长引擎，亚太肩负更大的时代责任。作为亚太地区领导人，我们都要深入思考，要把一个什么样的亚太带到本世纪中叶？如何打造亚太发展的下一个“黄金三十年”？在这一进程中如何更好发挥亚太经合组织作用？,neutral,
34362,第三，坚持绿色发展。面对气候变化、自然灾害等日益严峻的挑战，我们要坚持人与自然和谐共生，加快推动发展方式绿色低碳转型，协同推进降碳、减污、扩绿、增长，落实好《生物循环绿色经济曼谷目标》，厚植亚太增长的绿色底色。,positive,
34374,人民网金华11月12日电 （记者张帆）记者从今日在浙江义乌召开的新闻发布会上获悉，由世界城地组织亚太区秘书处、中国人民对外友好协会、义乌市人民政府主办的世界城地组织亚太区第九届会员大会将于11月13日至15日在义乌举办。本次大会以“推动亚太经济协同发展”为主题，旨在为全球城市搭建多边交流合作的平台，推动创新成果惠及更多各国人民。,positive,
34380,新华社记者,neutral,
34386,“这充分体现了中国的大国担当，必将获得世界各国普遍欢迎和认可。”俄罗斯-亚洲工业家和企业家联盟主席曼克维奇指出，亚太地区对世界具有特殊意义，其未来发展方向尤为关键。布特拉加亚愿景的落实将对世界产生重要影响，实现其宏伟目标需要坚持对话、彼此尊重、相互理解、互利共赢。“很高兴看到，这得到了亚太地区的广泛支持。”,positive,
34392,“中国在科技创新发展方面具有非常强的优势。”新加坡国立大学李光耀公共政策学院副教授顾清扬说，“中国持续成为全球经济增长的主要贡献者，不断涌现的创新成果和不断完善的现代化生产体系，已成为中国高质量发展的代表性进展，必将进一步推动全球高质量发展。”,positive,
34398,从助力老挝实现“陆锁国”变“陆联国”梦想的中老铁路，到跑出东南亚“最快速度”、让印度尼西亚迈入“高铁时代”的雅万高铁，从中国和马来西亚的“两国双园”加快构建跨境产业链供应链价值链，到泰国鲁班工坊多年来为泰国及地区国家源源不断培养青年技能人才……中国始终以实际行动坚持普惠共享，坚持大家一起发展才是真发展。,positive,
34404,阿根廷拉普拉塔国立大学中国研究中心研究员塞巴斯蒂安·舒尔茨认为，中国对世界发展繁荣的贡献有目共睹，中国式现代化为发展中国家寻找适合自己国情的现代化道路提供了借鉴，习近平主席的讲话再次表明中国致力于与世界分享发展机遇和有益经验。,positive,
34410,习近平强调，世界进入新的动荡变革期，亚太合作下一个30年将走向何方，成为我们面临的新的时代之问。我们要秉持亚太经合组织初心，推动亚太合作再出发。,positive,
34416,我们要共同维护联合国宪章宗旨和原则，坚持对话而不对抗、结伴而不结盟的国与国交往之道，维护亚太繁荣稳定。亚太不能也不应该沦为地缘博弈的角斗场，更不能搞“新冷战”和阵营对抗。要坚持开放的区域主义，坚定不移推进亚太自由贸易区进程，促进各国经济联动融通，打造合作共赢的开放型亚太经济。要推进数字化、智能化、绿色化转型发展，强化科技创新和成果转化，推进数字经济和实体经济深度融合，携手完善全球科技治理，营造开放、公平、公正、非歧视的科技发展环境。,positive,
34422,中华人民共和国主席 习近平,neutral,
34428,女士们、先生们、朋友们！,neutral,
34434,女士们、先生们、朋友们！,neutral,
34440,我想强调，中国经济克服挑战、稳步前行，实现高质量发展，这也是推进中国式现代化的必然要求。中国式现代化的出发点和落脚点是让14亿多中国人民过上更加美好的生活。对世界来说，这意味着更加广阔的市场和前所未有的合作机遇，也将为世界现代化注入强大动力。,positive,
34446,——在亚太经合组织工商领导人峰会上的书面演讲,neutral,
34452,——共同发展是亚太合作的总目标。发展是亚太地区永恒的主题。我们始终聚焦发展，不断深化经济技术合作，增强发展中成员自主发展能力。我们共同开创了自主自愿、协商一致、循序渐进的“亚太经合组织方式”，尊重各成员发展权。过去30年，亚太地区人均收入翻了两番还要多，十亿人口成功脱贫，为人类进步和全球可持续发展作出重要贡献。,positive,
34458,面对新一轮科技革命和产业变革浪潮，我们要着眼长远、把握机遇、乘势而上，推进数字化、智能化、绿色化转型发展，共同强化科技创新和成果转化，推进数字经济和实体经济深度融合。要携手完善全球科技治理，强化科技创新对绿色化数字化转型和可持续发展的支撑，营造开放、公平、公正、非歧视的科技发展环境。,positive,
34464,我们坚持敞开大门搞建设，坚定不移推进高水平对外开放，进一步扩大市场准入，已经宣布全面取消制造业领域外资准入限制措施。近期成功举办了第六届中国国际进口博览会，本月下旬还将举办第二届全球数字贸易博览会，进一步扩大开放，同各国共享发展机遇和红利。中国正在高质量实施《区域全面经济伙伴关系协定》，主动对接《全面与进步跨太平洋伙伴关系协定》和《数字经济伙伴关系协定》高标准经贸规则，积极推动加入两个协定进程，扩大面向全球的高标准自由贸易区网络。今年是我提出共建“一带一路”倡议10周年。上个月，中国成功举办第三届“一带一路”国际合作高峰论坛，形成了458项成果，中国金融机构成立7800亿元人民币的“一带一路”项目融资窗口，中外企业达成972亿美元的商业合作协议，这将推动共建“一带一路”高质量发展，为全球互联互通、促进发展繁荣注入强劲动力。,positive,
34470,新华社北京11月18日电 题：弘扬亚太合作初心 领航繁荣进步新程——习近平主席在亚太经合组织第三十次领导人非正式会议上的讲话引发国际社会热烈反响,neutral,
34476,阿万表示，亚太地区始终走在全球开放发展的前沿，而中国更是区域经济发展的重要引擎。习近平主席的讲话再次彰显过去十年来中国在共建“一带一路”实践中秉持的原则与精神，为下一步亚太地区深化合作指明方向，为亚太地区未来发展描绘蓝图。,positive,
34482,墨西哥城自治大学国际政治研究员爱德华多·齐利对习近平主席提出的“坚持创新驱动”非常赞同。他说，中国在全球科学、技术和创新领域位居前列，这离不开公共政策推动，尤其是在研发和新兴产业发展方面的重视与投入。“我们期待能在新兴产业等领域同中国开展更多对话。”,positive,
34488,新西兰亚太经合组织工商咨询理事会成员布雷特·赖利曾多次到访中国，对中国在绿色发展领域取得的成就印象深刻。“中国的新能源发展正在迅速改变交通工具的能源系统。我认为，新西兰在节能领域与中国会有广阔的合作空间。”,positive,
34494,“习近平主席在讲话中再次指明亚太地区团结合作的重要性。”匈牙利萨佐德韦格研究所政治分析中心主任基塞伊·佐尔坦对此感触颇深，“中国坚持高质量发展，推进高水平对外开放，不仅将为亚太地区走向更美好的未来创造有利环境，也将为世界其他地区国家提供巨大机遇。”,positive,
34500,携手共促亚太高质量增长,positive,
34506,当前，世界百年变局加速演进，世界经济面临多种风险挑战，作为全球增长引擎，亚太肩负更大的时代责任。作为亚太地区领导人，我们都要深入思考，要把一个什么样的亚太带到本世纪中叶？如何打造亚太发展的下一个“黄金三十年”？在这一进程中如何更好发挥亚太经合组织作用？,neutral,
34512,第三，坚持绿色发展。面对气候变化、自然灾害等日益严峻的挑战，我们要坚持人与自然和谐共生，加快推动发展方式绿色低碳转型，协同推进降碳、减污、扩绿、增长，落实好《生物循环绿色经济曼谷目标》，厚植亚太增长的绿色底色。,positive,
34518,新华社旧金山11月17日电,neutral,
34524,很高兴同大家相聚在美丽的旧金山。这是亚太经合组织领导人第三十次聚首，具有特殊重要意义。感谢拜登总统和美国政府为这次会议作出的周到安排。,positive,
34530,第二，坚持开放导向。亚太发展的经验告诉我们，开放则兴，封闭则衰。我们要维护自由开放的贸易投资，支持并加强以世界贸易组织为核心的多边贸易体制，维护全球产业链供应链稳定畅通，反对将经贸问题政治化、武器化、泛安全化。要坚定不移推进区域经济一体化，加快推进亚太自由贸易区进程，全面落实《亚太经合组织互联互通蓝图》，共享区域开放发展机遇。,positive,
34536,中国正在以中国式现代化全面推进强国建设、民族复兴伟业。中国坚持走和平发展道路，发展的根本目的是让中国人民过上好日子，不是要取代谁。今年是中国改革开放45周年，我们将坚持高质量发展，推进高水平对外开放，以中国式现代化为推动实现世界各国的现代化提供新机遇。我愿同各位同事一道努力，推动亚太合作取得更多丰硕成果，共同打造亚太下一个“黄金三十年”！,positive,
34542,中华人民共和国主席 习近平,neutral,
34548,中国坚持创新驱动发展战略，协同推进数字产业化、产业数字化，提出了亚太经合组织数字乡村建设、企业数字身份、利用数字技术促进绿色低碳转型等倡议，更好为亚太发展赋能。,positive,
34554,各位同事！,neutral,
34560,第一，坚持创新驱动。要更加积极地推动科技交流合作，携手打造开放、公平、公正、非歧视的科技发展环境。加速数字化转型，缩小数字鸿沟，支持大数据、云计算、人工智能、量子计算等新技术应用，不断塑造亚太发展新动能新优势。中国提出亚太经合组织数字乡村建设、企业数字身份、利用数字技术促进绿色低碳转型等倡议，更好为亚太发展赋能。,positive,
34566,会议发表了《2023年亚太经合组织领导人旧金山宣言》。,neutral,
34572,第一，坚持创新驱动。要更加积极地推动科技交流合作，携手打造开放、公平、公正、非歧视的科技发展环境。加速数字化转型，缩小数字鸿沟，支持大数据、云计算、人工智能、量子计算等新技术应用，不断塑造亚太发展新动能新优势。中国提出亚太经合组织数字乡村建设、企业数字身份、利用数字技术促进绿色低碳转型等倡议，更好为亚太发展赋能。,positive,
34578,会议发表了《2023年亚太经合组织领导人旧金山宣言》。,neutral,
34584,我们必须利用技术和经济进步，继续释放本地区的巨大潜力和活力，促进经济增长，应对包括气候变化在内的所有环境挑战。《旧金山宣言》中的承诺建立在以往亚太经合组织东道主工作基础之上，推动本地区将韧性、可持续性、互联互通、创新和包容性纳入优先事项，共同应对最紧迫的经济挑战。亚太经合组织的宗旨和工作都遵循《2040年亚太经合组织布特拉加亚愿景》和《奥特奥罗亚行动计划》的指引，致力于2040年建成开放、活力、强韧、和平的亚太共同体，实现所有人民和子孙后代的共同繁荣。,positive,
34590,我们致力于充分落实《亚太经合组织2030年粮食安全路线图》，使我们的农业和粮食系统更加强韧、高产、创新、可持续，同时认识到在促进农业可持续性方面没有统一的解决方案。我们重申致力于农业、林业、海洋、渔业资源的可持续管理。我们重申农业生产力、国际贸易、节粮减损对实现粮食安全的重要性，将加倍努力实现粮食安全和营养。,neutral,
34596,我们共同致力于加强亚太经合组织领导作用，维护其作为地区重要经济合作论坛的地位。我们期待秘鲁、韩国和越南分别于2024年、2025年和2027年担任亚太经合组织东道主，支持未来东道主工作。,positive,
34602,亚太经合组织美国年以《亚太经合组织生物循环绿色经济曼谷目标》为基础，《曼谷目标》确立了推进可持续和包容性经济政策的目标，同时确保这些政策能应对环境挑战。我们欢迎《贸易和投资政策包容和可持续旧金山原则》，以及2023年交通、贸易、减灾、粮食安全、卫生、能源、妇女、中小企业、财政等专业领域部长级会议的成果，包括《亚太经合组织合作公正能源转型非约束原则》《通过可持续农业体系保障粮食安全原则》。我们也欢迎修订版的《减灾风险框架》及其行动计划。,positive,
34608,我们将继续致力于改善人民生活质量，为所有人创建强韧和可持续的未来。为此，我们将继续推进并支持性别平等，促进经济包容，赋权中小微企业、劳动力、妇女、青年以及包括土著人、残疾人、偏远和农村社区等。,positive,
34614,人民网北京7月27日电 （记者孙博洋）记者从中国合格评定国家认可委员会（CNAS）获悉，CNAS接受了亚太认可合作组织（APAC）四年一度的国际同行评审。来自12个国家认可机构的15位国际同行评审员对CNAS进行了为期10天的远程评审。经过全面细致的评审，CNAS顺利通过APAC国际同行评审。,positive,
34620,习近平强调，我们应该秉持亚太合作初心，负责任地回应时代呼唤，携手应对全球性挑战，全面落实布特拉加亚愿景，建设开放、活力、强韧、和平的亚太共同体，实现亚太人民和子孙后代的共同繁荣。,positive,
34626,会议由美国总统拜登主持，主题为“为所有人创建强韧和可持续未来”。,neutral,
34632,“鉴往事，知来者。”回顾过往，正因顺应和平和发展的时代潮流，在合作中坚持开放包容的主旋律、共同发展的总目标、求同存异的好做法，亚太成为世界经济增长中心、全球发展稳定之锚和合作高地，创造了举世瞩目的“亚太奇迹”。“万物得其本者生，百事得其道者成。”亚太合作的非凡历程带来深刻启示，应秉持合作初心，牢记历史使命，推动亚太合作再出发。,positive,
34638,习近平指出，亚太经合组织建立领导人定期会议机制以来，始终走在全球开放发展的前沿，有力促进了区域贸易和投资自由化便利化、经济技术发展、物资人员流动，创造了举世瞩目的“亚太奇迹”。当前，世界百年变局加速演进，世界经济面临多种风险挑战，作为全球增长引擎，亚太肩负更大的时代责任。作为亚太地区领导人，我们都要深入思考，要把一个什么样的亚太带到本世纪中叶？如何打造亚太发展的下一个“黄金三十年”？在这一进程中如何更好发挥亚太经合组织作用？,neutral,
34644,习近平强调，中国正在以中国式现代化全面推进强国建设、民族复兴伟业。中国坚持走和平发展道路，坚持高质量发展，坚持高水平对外开放，以中国式现代化为推动实现世界各国的现代化提供新机遇。中国愿同各方一道努力，推动亚太合作取得更多丰硕成果，共同打造亚太下一个“黄金三十年”！,positive,
34650,	巴厘岛上，共建美好未来的时代强音鼓舞世界；湄南河畔，开启亚太合作新篇的庄严宣示振奋人心。,positive,
34656,	走和平发展之路，是亚太地区繁荣发展的重要基础。亚太地区曾饱受冲突战乱之苦，正是因为摆脱了冷战阴霾，亚太地区特别是中小经济体步入奔向现代化的快车道，“亚太奇迹”才应运而生。历史昭示我们：阵营对抗解决不了问题，偏见只会带来灾难。亚太地区不是谁的后花园，不应该成为大国角斗场。任何搞“新冷战”的图谋，人民不会答应，时代不会允许。,positive,
34662,	“开始！”在习近平主席和印尼总统佐科的指令下，崭新亮丽的综合检测车缓缓驶出雅万高铁德卡鲁尔车站，全场响起热烈掌声。,positive,
34668,	言必信，行必果。为亚太稳定繁荣作出更多贡献，中国是这样说的，也是这样做的。共建“一带一路”近年来捷报频传，中老铁路货运站全部启用，中企投建的柬埔寨金港高速公路通车，中国和新加坡协同推进国际陆海贸易新通道建设，一批中国企业积极参与地区港口建设运营，区域互联互通的图景更加清晰。除此之外，中国与亚洲多国在疫苗研发、生产、分发领域的互惠合作亮点频出，在可持续发展领域成绩斐然，一批相关合作示范项目接连面世，绿色日益成为亚太地区经济复苏的靓丽底色。,positive,
34674,大道同行，以中国式现代化推动人类整体进步,positive,
34680,	“当高楼大厦在中国大地上遍地林立时，中华民族精神的大厦也应该巍然耸立。”中国式现代化是物质文明和精神文明相协调的现代化。沙特国王大学教授易卜拉欣·沃哈伊布由此感受到中华文明的深沉力量：中国式现代化所突出的物质文明和精神文明相协调，将继续推动博大精深的中华文化走向世界，为这个动荡的世界带来积极向善的力量。,positive,
34686,	海报设计：赵丹阳,neutral,
34692,	中国发展离不开亚太，亚太繁荣也离不开中国。上个月，党的二十大成功举行，为当前和今后一个时期中国发展指明了方向、规划了蓝图。新时代新征程，中国将继续同世界特别是亚太分享中国发展的机遇，与亚太大家庭各成员携手续写“亚太奇迹”。,positive,
34698,中国是亚太地区最重要的经济体之一，经济增长潜能巨大，为促进地区经济增长作出重要贡献。亚洲开发银行发布的《2023年亚洲经济一体化报告》显示，中国对亚太地区的经济增长贡献率达64.2%，并且贡献了亚太地区37.6%的货物贸易增长和44.6%的服务贸易增长。中方坚定推动深化互信、包容、合作、共赢的亚太伙伴关系，建设和平稳定、共同富裕、清洁美丽、守望相助的亚太，为亚太和全球发展繁荣带来新机遇、增添新动力。,positive,
34704,要走和平发展之路。摆脱了冷战阴霾，亚太地区特别是中小经济体步入奔向现代化的快车道，“亚太奇迹”才应运而生。亚太地区不是谁的后花园，不应该成为大国角斗场。任何搞“新冷战”的图谋，人民不会答应，时代不会允许！,negative,
34710,第三，打造更高水平的开放格局。推进亚太自由贸易区进程，全面深入参与世贸组织改革，推动《区域全面经济伙伴关系协定》、《全面与进步跨太平洋伙伴关系协定》、《数字经济伙伴关系协定》相互衔接，构建开放型亚太经济。,positive,
34716,新华社旧金山11月17日电,neutral,
34722,我们重申决心打造自由、开放、公平、非歧视、透明、包容、可预期的贸易和投资环境。我们也重申以规则为基础、以世界贸易组织为核心的多边贸易体制的重要性，有助于继续推动本地区的快速增长。我们致力于对世界贸易组织进行必要改革，增强其各项职能，包括着眼于2024年前恢复全面、运转良好、所有成员可参与的争端解决机制开展相关讨论。我们呼吁亚太经合组织经济体及时有效落实世界贸易组织协定，重申致力于建设性参与第13届部长级会议，确保会议成功并取得积极成果。,positive,
34728,我们强调，必须为中小微企业和初创企业开辟发展道路，包括通过各种机会提高“专精特新”能力。支持中小微企业拓展区域和全球市场，包括通过融入全球价值链、推动大中小企业融通创新、加快中小微企业数字化转型、鼓励提供“小快轻准”数字化产品和解决方案。,positive,
34734,本次会议由美国总统拜登主持，主题为“为所有人创建强韧和可持续未来”。,neutral,
34740,“正如工商界朋友所言，中国已经成为最佳投资目的地的代名词，下一个‘中国’，还是中国，欢迎各国工商界朋友们继续投资中国、深耕中国！”当地时间11月16日，中国国家主席习近平应邀出席亚太经合组织工商领导人峰会，以书面演讲方式与亚太工商界人士交流探讨推动亚太繁荣发展的新思路新举措，为亚太和世界经济增长锚定新航向。,positive,
34746,浩渺行无极，扬帆但信风。我们期待，亚太工商界继续弘扬“敢为天下先”的创新精神，顺应经济全球化潮流，把握中国式现代化机遇，在广阔的太平洋上高扬开放合作的风帆，锚定发展的航向，果敢应对激流险滩，书写互利共赢新篇，为构建开放型亚太经济、助力世界经济发展作出更大贡献。,positive,
34752,在百年未有之大变局的背景下，当今世界进入新的动荡变革期。各方期待亚太继续发挥引擎作用，引领世界经济增长。我们这一代人必须回答好时代之问，拿出实际行动，满足各国人民对美好生活的热切期盼。只有坚持对话而不对抗、结伴而不结盟，尊重经济规律，发挥各自比较优势，促进各国经济联动融通，推进数字化、智能化、绿色化转型发展，才能创造新的亚太奇迹，回答好世界之问。,positive,
34758,今年是亚太经合组织首次领导人会议召开30周年。30年来，中国的深化改革、扩大开放与亚太经济合作的不断扩展相伴相随。2013年以来，习近平主席出席或主持历次亚太经合组织领导人非正式会议并发表重要讲话。从“亚太命运共同体”到“亚太梦想”，从“亚太伙伴关系”到“全方位互联互通蓝图”，中国理念、中国方案在亚太地区引发强烈共鸣，为亚太稳定繁荣作出更多贡献。,positive,
34764,“不同文明、制度、道路的多样性及交流互鉴可以为人类社会进步提供强大动力。我们应该少一点傲慢和偏见、多一些尊重和包容，拥抱世界的丰富多样，努力做到求同存异、取长补短，谋求和谐共处、合作共赢。”2018年，习近平主席的重要阐述弘扬亚太伙伴关系的主旋律，为亚太和全球合作沿着正确轨道前行提供了正能量。,positive,
34770,“习近平主席提出的合作主张对亚太经合组织成员应对疫情挑战和实现经济复苏提供了重要指引”“构建亚太命运共同体的中国方案，对加强区域合作、重振发展活力具有重要意义”“中国主张引导亚太合作沿着正确方向前进，为地区和世界和平稳定与发展繁荣作出重要贡献”……在国际人士眼中，中国方案与中国作用，彰显一个大国的责任与担当。,positive,
34776,落其实思其树，饮其流怀其源。“中国的发展受益于亚太，也用自身发展回馈亚太、造福亚太”“无论发展到什么程度，中国都将扎根亚太、建设亚太、造福亚太”“中国是亚太大家庭的一员，中国的发展起步于亚太，得益于亚太，也将继续立足亚太、造福亚太”……习近平主席多次在亚太经合组织平台上明晰宣示，中国一直积极融入亚太区域合作，始终是亚太开放合作的推动者。,positive,
34782, “让亚太地区经济发展走在世界前列”,neutral,
34788, “坚定不移推动构建亚太命运共同体”,positive,
34794,…………,neutral,
34800,“知者不惑，仁者不忧，勇者不惧。”世界又一次站在历史的十字路口，新形势下，亚太各经济体要汲取历史经验和教训，因应时代挑战，坚定推进区域经济一体化，共同开拓发展新局面，构建亚太命运共同体，以亚太地区的稳定和繁荣，为世界的和平与发展贡献智慧和力量。,positive,
34806,亚太经合组织第三十次领导人非正式会议17日在美国旧金山举行。国家主席习近平出席会议并发表重要讲话，呼吁亚太地区领导人深入思考亚太发展的时代之问，携手应对全球性挑战，共同打造亚太下一个“黄金三十年”。,positive,
34812,新华社北京11月18日电 题：共同应答亚太发展“三问”,neutral,
34818,中国的发展受益于亚太，也用自身发展回馈亚太、造福亚太。中国将坚持高质量发展，推进高水平对外开放，以中国式现代化为推动实现世界各国的现代化提供新机遇。,positive,
34824,开放包容是人类繁荣进步的基本条件。亚太各方要维护自由开放的贸易投资，支持并加强以世界贸易组织为核心的多边贸易体制，维护全球产业链供应链稳定畅通，反对将经贸问题政治化、武器化、泛安全化。要坚定不移推进区域经济一体化，加快推进亚太自由贸易区进程，全面落实《亚太经合组织互联互通蓝图》，共享区域开放发展机遇。中国成功举办第三届“一带一路”国际合作高峰论坛，坚持高水平实施《区域全面经济伙伴关系协定》，主动对接《全面与进步跨太平洋伙伴关系协定》和《数字经济伙伴关系协定》高标准经贸规则，积极推动加入两个协定进程，正是为了促进全球互联互通、构建开放型世界经济，同各方共绘开放发展新图景。,positive,
34830,坚守初心　共促发展,positive,
34836,	世界又一次站到十字路口。世界向何处去？亚太怎么办？我们必须给出答案。,neutral,
34842,	——我们要走开放包容之路。开放包容是人类繁荣进步的基本条件。几十年来，亚太各经济体打破市场分割，拉紧经济纽带，积极拥抱世界，为经济发展开辟了广阔空间。亚太经合组织秉持开放的区域主义，坚持多样性、非歧视原则，构筑了包容普惠的地区合作架构。正是凭借这种胸襟和格局，亚太地区才得以抓住经济全球化机遇，在区域经济一体化方面走在时代前列。,positive,
34848,	第一，筑牢和平发展的根基。我们要遵循联合国宪章的宗旨和原则，树立共同、综合、合作、可持续的安全观，共同反对冷战思维和阵营对抗，搭建亚太安全架构，为亚太经济发展和长治久安创造条件。,positive,
34854,	女士们、先生们、朋友们！,neutral,
34860,	——中国式现代化必须走人与自然和谐共生的新路。这是对我们自己负责，也是对世界负责。近年来，我们坚持绿水青山就是金山银山的理念，促进经济社会发展全面绿色转型，努力建设天蓝、地绿、水清的美丽中国。,positive,
34866,2022年亚太经合组织高官会16日在泰国首都曼谷结束。今年会议东道主泰国方面表示，本次高官会致力于推出符合亚太地区共同利益和愿景的有效政策，以支持本地区经济和社会繁荣发展。,positive,
34872,要把一个什么样的亚太带到本世纪中叶？如何打造亚太发展的下一个“黄金三十年”？在这一进程中如何更好发挥亚太经合组织作用？,neutral,
34878,“知者不惑，仁者不忧，勇者不惧。”面对时代挑战，中国愿与各方携手共进，推动亚太合作取得更多丰硕成果，朝着建设开放、活力、强韧、和平的亚太共同体目标不断努力，实现亚太人民和子孙后代的共同繁荣。,positive,
34884,	习近平强调，新形势下，我们要汲取历史经验和教训，因应时代挑战，坚定推进亚太区域经济一体化，共同开拓发展新局面，构建亚太命运共同体。,positive,
34890,	第六，推进经济优化升级。加速科技创新和制度创新，培育新经济、新业态、新商业模式，实现亚太经济数字化转型。坚持绿色低碳发展，拓展绿色产业和绿色金融，加快构建亚太绿色合作格局。,positive,
34896,	开放是亚太合作的生命线。作为亚太地区层级最高、领域最广、最具影响力的经济合作机制，亚太经合组织自成立以来，领风气之先，坚持构建开放型世界经济，促进经济全球化朝着更加开放、包容、普惠、平衡、共赢的方向发展。,positive,
34902,	新冠疫情的暴发重创世界经济，也对实现可持续发展目标造成负面影响。在应对疫情的同时，如何借“重启”经济的机会建立更具韧性和可持续性的未来，是包括亚太经合组织成员在内各方的共同愿望，也需各方共同努力。,neutral,
34908,期待中国声音,neutral,
34914,　　建设和平稳定的亚太,positive,
34920,	新华社曼谷11月18日电,neutral,
34926,	当前，新冠肺炎疫情反复延宕，世界经济复苏面临各种挑战，单边主义、保护主义上升，全球产业链供应链受到冲击，通货膨胀、粮食、能源安全等问题复杂严峻。,negative,
34932,	第三，坚持绿色低碳发展，建设清洁美丽的亚太。保护生态环境、应对气候变化是全人类面临的共同挑战。我们要加强经济技术合作，加速数字化绿色化协同发展，推进能源资源、产业结构、消费结构转型升级，推动经济社会绿色发展。今年，我们共同制定了生物循环绿色经济曼谷目标，协同推进生态环境保护和经济发展。中方将为落实曼谷目标提供支持。我去年在联合国提出全球发展倡议，在减贫、粮食、能源、卫生等领域加强务实合作，加快落实联合国2030年可持续发展议程，欢迎亚太国家积极参与。,positive,
34938,“森博”漂白木浆产品是国内高端木浆的代表，市场占有率全国第一；,neutral,
34944,亚太森博是世界领先的“浆纸、浆纤一体化”企业、中国最大的商品木浆生产商、山东省最大的侨资企业，具备年产220万吨漂白硫酸盐化学木浆、60万吨高档白卡纸板、2.5万吨莱赛尔纤维能力，是国内最大的商品化学木浆及屋顶型液体包装纸板产品供应企业。企业快速发展的背后，是视产品质量如“生命线”的高瞻远瞩。亚太森博运用精益、六西格玛等质量管理工具，实现了从“一棵树”到“一张纸”的全过程质量管理，确保从原料到产品的质量稳定和可追溯。亚太森博拥有国际上最先进的智能化浆纸生产线，一流的自主研发团队，企业技术中心和研发检测中心通过国家CNAS认证，是国家木浆产品标准的制订者、白卡纸板行业标准的起草者，主导或参与起草国家标准、行业标准11项。,neutral,
34950,作为国家高新技术企业、山东省技术创新示范企业，亚太森博拥有山东省企业技术中心、山东省工业设计中心、山东省博士后创新实践基地等研发平台，还有5位博士、121位硕士带领的自主研发团队，拥有国内外先进的研发、检测仪器，具备从木片到纸浆、纸板、纤维素纤维产品的全过程研发能力。,positive,
34956,从接卸时的喷淋降尘装置，到封闭式皮带运输线，再到各设备之间粗细不一的管道或是传送装置，在整个运输和生产过程中，亚太森博全部采用国际最先进的低耗能、可循环、再利用的生产工艺和技术，创新研究出一系列巧妙的环保举措，将各类废弃物循环利用、变废为宝，真正做到了“吃干榨尽”。,neutral,
34962,前不久，山东省2023年重点建设项目——亚太森博（山东）浆纸有限公司年产50万吨文化用纸生产线正式开机！这是企业总投资101亿元建设高档文化用纸、生活用纸及配套节能环保项目进入商业运营阶段的重要里程碑，也是山东省利用外资、实现制造业高质量发展的重要突破。,positive,
34968,亚太森博（山东）浆纸有限公司董事长 总经理 吴和平：,neutral,
34974,省人大代表、亚太森博（山东）浆纸有限公司污水处理车间主任刘英：,neutral,
34980,日照市生态环境保护服务中心主任范昌伟：,neutral,
34986,新华社北京11月18日电 题：共同打造亚太发展的下一个“黄金三十年”,neutral,
34992,推动亚太合作、促进亚太发展，中国是倡导者，也是行动派。从提出亚太经合组织数字乡村建设、企业数字身份等倡议，到坚持高水平实施《区域全面经济伙伴关系协定》，主动对接《全面与进步跨太平洋伙伴关系协定》和《数字经济伙伴关系协定》高标准经贸规则；从提出亚太经合组织绿色农业、可持续城市、能源低碳转型、海洋污染防治等合作倡议，推动共建清洁美丽的亚太，到支持亚太经合组织开展经济技术合作，共同做大亚太发展蛋糕……中国以科学的理念、扎实的行动为亚太发展赋能，不断为亚太合作带来新动力、新机遇。,positive,
34998,人民网扬州11月23日电 （张玉峰）11月22至23日，亚太经合组织数字能力建设研讨会在江苏省扬州市举办。国家网信办副主任曹淑敏在开幕式上致辞，江苏省委常委、省委宣传部部长张爱军，印度尼西亚经济统筹部副部长穆罕默德·鲁迪·萨拉赫丁，泰国数字经济和社会部副部长纽因·乔奇亚西普，中国香港特区政府创新科技及工业局局长孙东等出席开幕式并致辞。,positive,
35004,本次研讨会以线上线下相结合的方式举行，共举办3场专题讨论。来自文莱、智利、中国香港、马来西亚、墨西哥、秘鲁、菲律宾、新加坡、中国台北等亚太经合组织经济体代表，联合国教科文组织、全球移动通信系统协会、美中贸易全国委员会等相关国际组织和机构，以及中国相关政府部门、智库、企业代表共约180人线上线下参会。,positive,
35010,当地时间11月17日上午，亚太经合组织第三十次领导人非正式会议在美国旧金山莫斯科尼中心举行。国家主席习近平出席会议并发表题为《坚守初心 团结合作 携手共促亚太高质量增长》的重要讲话。,neutral,
35016,	比如美国大肆渲染中国“一带一路”倡议是“新殖民主义”，无疑是以小人之心度君子之腹；攻击中国在吉布提的第一个解放军保障基地威胁地区安全，却罔顾美自身在全球有三百多个海外军事基地的事实。与此同时，美国正在北约内部进行广泛的战略动员，进一步导致对华定位严重偏离事实。,negative,
35022,	（作者：刘典，系北京市习近平新时代中国特色社会主义思想研究中心特约研究员）,neutral,
35028,在此背景下，作为全球增长引擎的亚太，肩负更大的时代责任。,neutral,
35034,在阐述这些主张时，习近平金句频出，以中国智慧凝聚亚太共识，为亚太发展的下一个“黄金三十年”指引方向。,positive,
35040,商务部国际贸易经济合作研究院绿色经贸中心主任许英明认为，随着《区域全面经济伙伴关系协定》的深入实施、中国—东盟自由贸易协定3.0谈判的深入，以及我国自贸试验区和自由贸易港试点对接高标准经贸规则，特别是高标准低碳规则的推进，绿色贸易和绿色投资有望成为亚太地区经贸合作的重要推动力量。,positive,
35046,在讲话中，习近平再次表达了中国态度：中国坚持走和平发展道路，发展的根本目的是让中国人民过上好日子，不是要取代谁。,positive,
35052,如今，中国被视为“拉动亚太及全球增长的关键因素”。新加坡时政评论员翁德生认为，“中国用实实在在的发展成果为面临重重困难的世界经济注入动力，并向世界证明‘脱钩’、遏制打压均不可行，合作共赢才是明智选择。”,positive,
35058,| 执笔：李金磊,neutral,
35064,亚太经合组织主要讨论与全球和区域经济有关的议题，如贸易和投资自由化便利化、区域经济一体化、互联互通、经济结构改革和创新发展、全球多边贸易体系、经济技术合作和能力建设等。该组织的作用已经充分体现在亚太经贸合作实践中。例如，倡议加入亚太经合组织商务旅行卡计划的经济体相互为商务人员提供多边长期签证和快速通关礼遇。这一举措促进了商务合作，便捷了人员往来。,positive,
35070,亚太（重庆）数字经济创新中心签约。王茂松摄,neutral,
35076,九龙坡区委副书记、区长李顺介绍，近年来，九龙坡把发展数字经济作为构建现代化产业体系的战略抓手，积极依托中新（重庆）信息通信创新合作联盟，大力推动“一联盟一平台两中心”体系，形成数据带通道、通道带开放、开放带发展的国际数据通道产业生态新模式，实现两地企业高效交流、信息高效链接。,neutral,
35082,2022年4月7日，在比利时布鲁塞尔的北约总部，北约秘书长斯托尔滕贝格在北约外长会后举行新闻发布会。（新华社记者郑焕松摄）,neutral,
35088,不过，在向亚太扩张这一问题上，北约内部也存在不同声音。法国总统马克龙已明确表示反对。他指出，如果“我们推动北约扩大势力范围和地理范围，我们将铸成大错。”法国国际问题专家多米尼克·特兰康说，北约是由北大西洋国家组成的，日本距离北约官方划定的范围“太过遥远”。,negative,
35094,但美国的霸权利益不等于盟友的利益，美国将北约引入亚太的图谋也引起不少国家警惕。特兰康指出，如果将北约的重心从北大西洋转移到亚洲，显然是将中国视为潜在的敌人，但欧洲和美国在对华问题上的立场是不一样的，欧洲人认为中国是必须合作的伙伴，而不是敌人。,neutral,
35100,分析人士指出，北约至今仍沉迷于冷战思维和集团政治，划分“我们”和“他们”，人为地分裂世界，而若将这种思维带入亚太地区，恐将严重威胁亚太地区乃至世界和平稳定。,negative,
35106,	——在亚太经合组织第二十九次领导人非正式会议上的讲话,neutral,
35112,	当前，新冠肺炎疫情反复延宕，世界经济复苏面临各种挑战，单边主义、保护主义上升，全球产业链供应链受到冲击，通货膨胀、粮食、能源安全等问题复杂严峻。,negative,
35118,	第三，坚持绿色低碳发展，建设清洁美丽的亚太。保护生态环境、应对气候变化是全人类面临的共同挑战。我们要加强经济技术合作，加速数字化绿色化协同发展，推进能源资源、产业结构、消费结构转型升级，推动经济社会绿色发展。今年，我们共同制定了生物循环绿色经济曼谷目标，协同推进生态环境保护和经济发展。中方将为落实曼谷目标提供支持。我去年在联合国提出全球发展倡议，在减贫、粮食、能源、卫生等领域加强务实合作，加快落实联合国2030年可持续发展议程，欢迎亚太国家积极参与。,positive,
35124,漫画作者：勾犇（人民网版权图片，未经授权，请勿转载。）,neutral,
35130,宁高宁表示，过去几天时间里，围绕经济一体化、数字和人工智能技术、金融稳定、女性发展等问题进行了充分讨论，并将向APEC的21个经济体领导人提交工商界尤为关注的问题和建议，助推具体行动，这对工商界来说非常有意义。,positive,
35136,这是2023年2月14日拍摄的位于智利中部沿海的蓬塔谢拉风电场。蓬塔谢拉风电场是中国在智利投资建设的首个风电场，2018年正式投产发电，可满足13万户家庭的用电需求，同时每年还能减少15.7万吨碳排放。,positive,
35142,监制：孙承斌 李忠发,neutral,
35148,新华社摄影部制作,neutral,
35154,他对深化亚太经合组织合作提出六点建议。一是各方共同落实好《旧金山宣言》，将文字转化为实际成果。二是落实好《旧金山宣言》需要各方增进互信，政合则商通。三是工商界在亚太区域经济合作中应充分发挥活力和桥梁作用，助力政府间合作。四是落实好各国领导人多双边会晤共识，特别需要增进人文交流，为经济合作发展营造良好社会环境。五是实施好《区域全面经济伙伴关系协定》(RCEP)，这将有益于亚太区域经济合作和亚太区域经济一体化进程。六是中国—东盟应深化共建“一带一路”，在推进亚太区域经济合作中增进双方共识，共同携手行动。,neutral,
35160,国际货币基金组织（IMF）最新发布的《亚太地区经济展望报告》预测，2023年亚太地区全年经济增长率有望达到4.6%，高于2022年作出的3.9%的增长预期；亚太地区有望对世界经济增长作出约2/3的贡献。亚太地区的发展与繁荣，深刻牵动着世界的前途命运。,positive,
35166,2021年11月12日，国家主席习近平在北京以视频方式出席亚太经合组织第二十八次领导人非正式会议并发表重要讲话，强调要推进落实2040年布特拉加亚愿景，构建开放包容、创新增长、互联互通、合作共赢的亚太命运共同体。,positive,
35172,中国坚定不移走绿色发展之路，积极参与亚太经合组织框架下能源转型、能效提升等可持续发展合作，以自身绿色发展成就和经验带动亚太绿色转型，推动各国人民共享绿色福祉。,positive,
35178,习近平主席指出：“没有发展，就不能聚集起绿色转型的经济力量；忽视民生，就会失去绿色转型的社会依托。”对APEC众多发展中国家成员而言，发展绿色经济是兼顾低碳发展和经济增长需求的重要抓手。对此，商务部国际贸易经济合作研究院绿色经贸中心主任许英明表示，绿色贸易已成为亚太地区绿色发展合作的重要领域。,positive,
35184,"本次培训专门安排了亚太区域农药应用及展望、植保无人机在中国及其他国家的发展与应用、中国植保无人机施药技术规程最新进展、中国无人机撒施Bt微型颗粒剂防治草地贪夜蛾的实践与思考、植保无人机施药对农药制剂的有关要求、大疆农业的发展与农业无人机的最佳实践、植保无人机在热带果树病虫害防控上的应用、植保无人机大田施药技术及风险控制、植保无人机果园施药技术、中国无人机专业植保服务机构的发展、中国植保无人机的结构特点和风场特性及作业质量检测、中国水稻病虫防控精准施药技术等培训报告，参观了农业农村部南京农业机械化研究所植保机械实验室、江苏省农业科学院食品安全与检测研究所的省部级农药残留检测实验室等。参加培训的10个成员国代表还分别做了国家报告，就其本国的农药管理、农药施用、植保无人机使用及未来展望等做了情况介绍和经验分享。本次培训内容非常丰富，包括植保无人机的管理法规、技术规程、农药制剂、农药助剂、性能测定、风险管控、施药技术培训和专业化统防统治服务等，还有植保无人机配套技术在小麦、水稻、果树、热带作物等的应用，不仅有中国情况，还有其他国家的情况；不仅有中国主要发生的病虫害，还有亚太区域国家重点关注的草地贪夜蛾、稻飞虱、稻纵卷叶螟、纹枯病、稻瘟病等靶标，技术性和实操性强，受训代表纷纷表示非常契合亚太区域的实际需求,也得到了APPPC执行秘书Yubak的充分肯定。",positive,
35190,不畏浮云遮望眼。中国把握中美关系正确航向，积极引领亚太区域合作，持续以中国式现代化推动世界现代化。世界也期望中美相向而行，妥善管控分歧，推进互利合作，合力维护世界和平稳定，促进全球发展繁荣。,positive,
35196,中方始终认为，中美共同利益大于分歧矛盾，中美各自取得成功对彼此是机遇而非挑战，大国相处之道应是对话合作而非零和博弈。,positive,
35202,2023年10月29日，飞虎队老兵莫耶一行人在北京八达岭长城合影留念。当日，美中航空遗产基金会访华代表团成员陆续抵达北京。新华社记者 任超 摄,neutral,
35208,打造命运共同体 积极引领亚太合作,positive,
35214,2022年4月29日，中老双方代表在老挝首都万象为万象赛色塔低碳示范区揭牌。新华社发（凯乔摄）,positive,
35220,2021年1月23日，施工人员检查泰国乌汶府诗琳通大坝综合浮体光伏项目的太阳能板安装情况。新华社发（泰国国家电力局项目组供图）,neutral,
35226,中国与世界从未像今天这样深度交融。第三届“一带一路”国际合作高峰论坛开启高质量共建“一带一路”新阶段；全球发展倡议下，中国携手100多个国家和国际组织重振发展伙伴关系，助力落实2030年可持续发展议程；第134届广交会成功举办，成交呈现恢复性增长；第六届进博会，展商数量和展览面积均创历史新高，开放的中国敞开怀抱笑迎全球嘉宾。,positive,
35232,当前，乌克兰危机升级、巴以新一轮冲突深刻影响全球安全局势；联合国2030年可持续发展议程落实进展滞后；粮食、能源危机持续，一些国家搞“脱钩断链”“小院高墙”，扰乱全球产业链供应链稳定，世界经济复苏动力不足。具体到亚太地区，个别国家推行“印太战略”，迫使地区国家选边站队，严重影响地区和平稳定、团结合作、共同繁荣。,negative,
35238,俄罗斯科学院中国与现代亚洲研究所中国社会经济研究中心领衔研究员罗扎利娅·瓦尔法洛夫斯卡娅认为，中国同亚太经合组织、上合组织、金砖国家等多边平台开展的国际合作具有重要现实意义，期待中国主张、中国倡议进一步推动各国经济恢复增长，助推地区和世界现代化。,positive,
35244,“道之所在，虽千万人吾往矣。”,neutral,
35250,在题为《坚守初心 团结合作 携手共促亚太高质量增长》的讲话中，习近平开门见山，直面问题，提出了亚太发展新的时代之问：,neutral,
35256,譬如，在论及坚持开放导向时，习近平指出，“亚太发展的经验告诉我们，开放则兴，封闭则衰。”他表示，“反对将经贸问题政治化、武器化、泛安全化。”,positive,
35262,再如，在谈到坚持普惠共享时，习近平指出，“我多次讲，大家一起发展才是真发展。”,neutral,
35268,在旧金山，中国多次强调“不是要取代谁”。,neutral,
35274,| 出品人：陈陆军,neutral,
35280,| 校对：程春雨,neutral,
35286,3月29日，重庆轻纺集团消息，该集团所属萨固密亚太技术研发中心在渝正式成立，该研发中心将整合萨固密全球技术资源，致力于推动中国汽车密封系统产业迈上高端，为萨固密全球战略发展提供有力支撑。,positive,
35292,“研发中心的建成投用是重庆轻纺集团深入实施创新驱动发展战略的又一标志性成果，为建设高质量发展的新轻纺注入了强大动力。”重庆轻纺集团董事长谢英明表示，下一步，将巩固提升萨固密亚太技术研发中心建设，提升关键核心技术原创能力和应用能力，将其打造成为引领中国汽车密封系统产业发展的国家级创新平台、支撑萨固密全球持续稳健发展的国际化技术中心。,positive,
35298,7月12日上午，日本航空自卫队出动4架战机与美军3架飞机在九州以西空域进行“对抗措施”训练。日本防卫省公布日美7架军机编队飞行的画面，声称“联合训练确认了自卫队与美军的即时响应机制，进一步提升了双方遏制力和应对能力”。7月13日，日本4架战机与美军2架轰炸机继续在九州以西空域进行训练。7月16日，日本海上自卫队“摩耶”号、韩国海军“栗谷李珥”号和美国海军“约翰·芬恩”号3艘宙斯盾驱逐舰在日本海举行演习，重点演练联合侦测、追踪对手导弹并共享相关情报等课目。这是继4月17日之后，美日韩3国宙斯盾舰再次在日本海举行反导情报共享方面的联合训练。,positive,
35304,开幕式上，国家林业和草原局、云南省人民政府、斐济渔业与林业部、亚太森林组织、普洱市相关负责人分别致辞，强调森林在经济社会发展中所发挥的积极作用，呼吁区域经济体要加强合作，促进森林保护与恢复，提升各经济体森林经营管理能力。,positive,
35310,这是2022年12月8日在泰国乌汶府诗琳通水库拍摄的浮体光伏项目（无人机照片）。中泰两国联合修建的浮体光伏项目2021年10月投入商业运营。中国制造的电池板不断将日光转化为清洁电能，输送至当地千家万户。,positive,
35316,2023年8月5日，在巴布亚新几内亚中央省的一个村庄里，第12批援巴新中国医疗队副队长、新生儿科副主任医师刘振球为婴儿泰乐听诊检查。泰乐出生时患有重症，一度生命垂危，经过刘振球与当地医护人员的救治最终痊愈。从2002年起，中国连续向巴新派出12批医疗队，为提高巴新医疗卫生水平作出积极贡献。,positive,
35322,新华社第一工作室出品,neutral,
35328,	我们将加快落实亚太经合组织《互联网和数字经济路线图》，加强数字基础设施，鼓励新技术运用，弥合数字鸿沟，努力构建开放、公平、包容的数字营商环境。我们还将努力加强数字互联互通和数字包容性。,positive,
35334,人民网东京7月23日电 （记者岳林炜）7月22日，中国驻日本使馆发言人就北约东进亚太消极动向发表谈话，全文如下：,neutral,
35340,	近段时间，北约明显加快“亚太化”进程。4月6日，北约布鲁塞尔外长会议，首次邀请日本、韩国、澳大利亚、新西兰4个亚太国家外长参会。4月26日，美国国务卿布林肯在国会听证会上宣布，日本将出席6月在西班牙召开的北约峰会，现场“见习”西方多边安全合作机制，将北约与美日同盟自然衔接。4月27日，英国外交大臣特拉斯发表外交政策演讲，宣称“欧洲-大西洋”“印度-太平洋”两个区域的安全同等重要，要求加强与日本、澳大利亚等盟友的合作，采取先发制人举措，防范“印太地区”可能出现的威胁。,positive,
35346,在世界百年变局加速演进的时代背景下，习近平主席以大国领袖的广阔视野和深邃思考发出亚太发展三问并提出四点建议，呼吁亚太地区领导人携手应对全球性挑战，共同打造亚太下一个“黄金三十年”。一系列倡议主张，彰显大国责任与担当。,positive,
35352,秉持初心，才能更好推动亚太合作再出发。,positive,
35358,下一个“黄金三十年”，底色应是高质量增长。,neutral,
35364,人心齐，泰山移。,positive,
35370,“不断塑造亚太发展新动能新优势”“同各方共绘开放发展新图景”“厚植亚太增长的绿色底色”“共同做大亚太发展蛋糕”……习近平主席在讲话中所描绘的，是下一个“黄金三十年”亚太地区应该有的样子，也是各方应共同努力的方向。,positive,
35376,新华社国内部、国际部联合制作,neutral,
35382,■ 上个月，中国共产党第二十次全国代表大会成功举行，为当前和今后一个时期中国发展指明了方向、规划了蓝图。中国愿同所有国家在相互尊重、平等互利的基础上和平共处、共同发展。中国将坚持实施更大范围、更宽领域、更深层次对外开放，坚持走中国式现代化道路，建设更高水平开放型经济新体制，继续同世界特别是亚太分享中国发展的机遇,positive,
35388,	第二，坚持开放包容，建设共同富裕的亚太。我们要坚持开放的区域主义，加强宏观经济政策协调，构建更加紧密的区域产业链供应链，推进贸易和投资自由化便利化，稳步推进区域经济一体化进程，早日建成高水平的亚太自由贸易区。要坚持发展为了人民、发展依靠人民、发展成果由人民共享，促进亚太全体人民共同富裕。中方愿同有关各方全面高质量实施《区域全面经济伙伴关系协定》，继续推进加入《全面与进步跨太平洋伙伴关系协定》和《数字经济伙伴关系协定》，促进区域融合发展。明年，中方将考虑举办第三届“一带一路”国际合作高峰论坛，为亚太和全球发展繁荣注入新动力。,positive,
35394,	17日晚，习近平和夫人彭丽媛出席亚太经合组织领导人非正式会议欢迎晚宴。,neutral,
35400,新时代新征程，中国同亚太各成员一道，积极推动构建亚太命运共同体，携手开创亚太经济合作新篇章。,positive,
35406,和衷共济、共同发展，给亚太地区人民带来越来越坚实的获得感，也引领着亚太之路通向更繁荣的未来。,positive,
35412,编导：李俞辉、曹彦语,neutral,
35418,新华社音视频部制作,neutral,
35424,	6月25日，由国际翻译家联盟、中国翻译协会联合主办，北京外国语大学承办的第十届亚太翻译论坛开幕。,neutral,
35430,	北京外国语大学校长、党委副书记杨丹致辞。,neutral,
35436,	亚太翻译论坛联合委员会主席、中国翻译协会常务副会长兼秘书长、中国外文局副局长兼总编辑、国际译联理事高岸明作主旨演讲。,neutral,
35442,	韩国亚洲大学口笔译研究中心主任、姜智慧教授（Ji-Hae Kang）作主旨演讲。,neutral,
35448,	亚太翻译论坛原名“亚洲翻译家论坛”，由亚洲各国和地区的翻译组织轮流举办，自1995年在国际翻译家联盟的支持下发起成立以来已成功举办9届。本届论坛的主题为“翻译世界中的合作：新时代、新变化、新模式”，会期持续2天。论坛期间，与会代表将围绕机器翻译中的人机合作模式、流媒体时代的翻译合作、语言服务中的合作研究等主题进行10场主旨演讲和16场平行分论坛。,neutral,
35454,这是习近平主席时隔6年访美，也是两国元首自去年11月巴厘岛会晤以来再次面对面会晤。拜登总统精心挑选斐洛里庄园作为会晤地点。除正式会谈外，拜登总统还为习近平主席举行午宴，邀请习近平主席在庄园里散步。会晤持续了4个小时。在坦诚和相互尊重的气氛里，两国元首就事关中美关系的战略性、全局性、方向性问题以及事关世界和平和发展的重大问题坦诚深入地交换了意见。,positive,
35460,王毅说，中美元首旧金山会晤是中美关系史上的大事件，也是国际关系中的大事件，有利于推动中美关系朝着健康、稳定、可持续方向迈出步伐。习近平主席引领中美关系这艘巨轮穿越暗礁险滩从巴厘岛抵达旧金山，展现了大国领袖的政治担当和战略魄力。同时也要清醒看到，中美关系发展从来都不是一帆风顺的，仍然存在很多深层次、结构性问题，还有不少风险挑战需要共同应对。旧金山不是终点，而应该成为新的起点。中美关系能否巩固向好态势，关键在于美方能否遵信守诺，同中方相向而行，把两国元首达成的重要共识真正落到实处。明年是中美建交45周年。双方应当从旧金山再出发，推动中美关系持续改善发展，这符合两国人民利益愿望，也符合世界期待。,neutral,
35466,三、弘扬亚太合作初心,positive,
35472,习近平主席指出，中国式现代化是中国共产党领导的社会主义现代化。中国式现代化既有各国现代化的共同特征，更有基于中国国情的鲜明特色。习近平主席强调，我们致力于团结奋斗，让14亿多中国人一起迈向现代化；致力于共同富裕，让每一个中国人都过上美好生活；致力于全面发展，让人的物质和精神世界同样富足；致力于永续发展，让人与自然和谐共生；致力于和平发展，推动构建人类命运共同体。这五个“致力于”通俗易懂、深入浅出阐释了中国式现代化的主要特征，让外界进一步了解了中国共产党的使命任务和中国的发展道路。,positive,
35478,2013年以来，习近平主席出席或主持历次亚太经合组织领导人非正式会议并发表重要讲话。从“亚太命运共同体”到“亚太梦想”，从“亚太伙伴关系”到“全方位互联互通蓝图”，中国理念、中国方案为亚太稳定繁荣持续作出贡献。,positive,
35484,亚太经合组织第二十九次领导人非正式会议开幕前一天，习近平主席应邀发表题为《坚守初心 共促发展 开启亚太合作新篇章》的书面演讲。,neutral,
35490,初心，就是造福亚太人民。从历史经验中汲取智慧，在百年变局中廓清迷雾，习主席鲜明提出：走和平发展之路，走开放包容之路，走和衷共济之路。,positive,
35496,从2013年强调牢固树立亚太命运共同体意识，到2014年倡导共建互信、包容、合作、共赢的亚太伙伴关系，再到2019年提出构建开放包容、创新增长、互联互通、合作共赢的亚太命运共同体；从2021年全面阐述构建亚太命运共同体深刻内涵，到2022年提出建设关于亚太未来发展与合作重大主张，中国始终高举构建亚太命运共同体旗帜，引领亚太合作方向。,positive,
35502,十年来，亚太地区共建“一带一路”硕果累累：印尼雅万高铁、泰中罗勇工业园、文莱摩拉港、马中关丹产业园……共同繁荣的图景更加清晰。,positive,
35508,携手推进高质量共建“一带一路”，促进亚太互联互通建设水平提升；倡议设立亚洲基础设施投资银行，为区域基础设施建设提供融资支持；高标准举办广交会、服贸会、消博会、链博会等国际展会，与各方携手谱写开放合作、互利共赢故事……中国坚持推进高水平对外开放，不断以中国新发展为亚太和世界提供新机遇，为推动建设开放型世界经济贡献中国力量。,positive,
35514,亚太是我们共同发展的空间，我们都是亚太这片大海中前行的风帆。,positive,
35520,视觉丨江雨航,neutral,
35526,中美关系是世界上最重要的双边关系。中美两国是全球前两大经济体，经济总量超过世界三分之一、人口总数占世界近四分之一、双边贸易额约占世界五分之一，双方利益交融十分紧密。中美能否确立正确相处之道，攸关世界和平发展和人类前途命运。,neutral,
35532,今年以来，中美关系历经曲折，教训需要汲取。无人飞艇事件、蔡英文“过境”窜美以及美方损害中方利益的错误言行，都严重偏离两国元首确定的轨道。,negative,
35538,这是2023年11月10日拍摄的音乐会现场。当日，“跨越半个世纪的友谊”——纪念费城交响乐团访华50周年音乐会在北京举行。新华社记者 申宏 摄,neutral,
35544,身处“世界又一次站在历史的十字路口”的关键时刻，基于“亚太地位更加重要、作用更加突出”的判断，中国再次发出构建亚太命运共同体的响亮声音。,positive,
35550,2022年11月23日，“复兴号”列车通过中老铁路元江特大桥（无人机照片）。新华社记者 胡超 摄,neutral,
35556,新加坡总理李显龙说，一个强大、友好的中国，将为地区和世界带来积极影响，也有利于帮助中小国家实现共同发展。,positive,
35562,以和平发展、互利合作、共同繁荣为目标，中国正持续以高质量发展推进中国式现代化，以高水平对外开放推动世界共同发展。,positive,
35568,“我们期待中国继续通过亚太经合组织领导人非正式会议等双多边平台，推动建设更加公正、包容、繁荣的世界。”肯尼亚国际问题学者卡文斯·阿德希尔说。,positive,
35574,文字记者：赵嫣、乔继红、刘赞,neutral,
35580,今年的北约峰会继续毫无根据地渲染所谓中国构成“系统性挑战”，并再次邀请个别亚太国家参加，充分暴露北约东进亚太的野心。北约之所以要东进亚太，亚太之所以面临北约化风险，根本原因就在于美国的推动。,negative,
35586,（作者为中国现代国际关系研究院副院长）,neutral,
35592,省领导沈丹阳以及来自政府部门、亚太电协会员单位、国际组织、驻华使领馆和国内外能源电力企业的代表出席会议。,neutral,
35598,韩志强表示，中国将一如既往致力于与世界各国和国际组织一道推进高质量“一带一路”建设，让“一带一路”更好造福世界各国和人民，希望各方要充分凝聚发展共识、要更好推动高质量发展、要坚定排除外部干扰携手共建，让“一带一路”真正成为世界人民实现美好生活的“幸福路”。中国将同国际社会一道，推动“一带一路”合作持续向前发展，继续以自身新发展为世界提供新机遇，为推动构建人类命运共同体增添新动能。,positive,
35604,圆桌会议上，代表们热议“一带一路”倡议10周年成果，探讨携手构建亚太命运共同体等话题。人民网记者 白元琪摄,neutral,
35610,今年是亚太经合组织首次领导人会议召开30周年，也是中国改革开放45周年。在这一特殊年份回望中国与亚太、中国与世界的关系，其中蕴含的历史启迪弥足珍贵。,positive,
35616,2022年11月，泰国曼谷。亚太经合组织工商领导人峰会会场三层水晶厅外，长方形展台前人头攒动。展台上摆放着习近平主席演讲稿中英泰3个语种版本。,positive,
35622,在书面演讲中，习近平主席倡导坚守亚太合作初心，并提出“筑牢和平发展的根基”“坚持以人民为中心的发展理念”等六点建议。,positive,
35628,《时政微观察》梳理发现，习近平主席多次在亚太经合组织平台上阐释构建亚太命运共同体理念，明晰宣示中国一直积极融入亚太区域合作，始终是亚太开放合作的推动者。,positive,
35634,根据亚洲开发银行发布的《2023年亚洲经济一体化报告》，今年上半年，亚太地区经济的复苏很大程度上得益于中国。中国对该地区的经济增长贡献率达64.2%。,positive,
35640,△2023年11月6日，参观者在第六届进博会国家展马来西亚展台欣赏展出的珠宝首饰。,neutral,
35646,△2023年10月23日，客商在广交会上选购工艺品。,neutral,
35652,执笔丨张亚楠,neutral,
35658,当前，世界进入新的动荡变革期，世界经济面临多重风险挑战。习近平主席提出共同打造亚太下一个“黄金三十年”，凸显中国对亚太地区发展的坚定信念。,positive,
35664,历经30年发展，亚太合作有开放包容的主旋律、共同发展的总目标、求同存异的好做法。更重要的是，作为亚太地区发展的重要动力源，中国经济韧性强、潜力足、回旋余地广，长期向好的基本面没有变也不会变，这无疑将为地区和世界发展注入信心、带来新动力。,positive,
35670,梳理习近平主席最近几年在亚太经合组织领导人非正式会议上的讲话，“创新”“开放”“绿色”“共享”是高频词。这表明，中方推动亚太地区发展始终有着清晰而明确的规划。,positive,
35676,回看过往，亚太地区能够成为世界经济增长中心、全球发展稳定之锚和合作高地，离不开地区成员共同的努力。,positive,
35682,监制：张旭东、冯俊扬,neutral,
35688,	比赛现场   海南省旅游和文化广电体育厅供图,neutral,
35694,当地时间11月16日，国家主席习近平向在旧金山举行的亚太经合组织工商领导人峰会发表题为《同心协力 共迎挑战 谱写亚太合作新篇章》的书面演讲。习近平主席强调“要秉持亚太经合组织初心”“推动亚太合作再出发”。,positive,
35700,开放合作，是世界繁荣发展的必由之路。在世界进入新的动荡变革期的时代背景下，习近平主席强调秉持亚太经合组织初心、牢记历史赋予我们的使命，正是对“亚太合作下一个30年将走向何方”这一新的时代之问给出的最好回答。,positive,
35706,亚太是我们安身立命之所，也是全球经济增长动力之源。如今，亚太经济规模占到全球总量的60%左右，对世界经济发展举足轻重。,positive,
35712,习近平主席热情地向世界发出合作邀请，希望亚太工商界弄潮儿弘扬“敢为天下先”的创新精神，同心协力谱写合作新篇章，令各方倍感振奋，为全球经济发展注入信心。,positive,
35718,视觉｜编辑：王秋韵、郝晓静,neutral,
35724,王毅说，今年年初以来，由于众所周知的原因，中美关系经历不少曲折，面临困难局面，这不符合两国人民利益和意愿。在双方共同努力下，中美关系近期出现止跌企稳势头。结合举办APEC会议，拜登总统向习近平主席发出一份举行元首会晤的单独邀请。美方特别表示，这是一场中美“峰会”，不同于本次APEC期间的双边会见安排。美国内各界和国际社会对此充满期待，普遍希望两国能够“重返巴厘岛、通往旧金山”。习近平主席审时度势，应邀赴约，再次在历史关头推动中美关系稳下来、好起来。,positive,
35730,国际舆论高度关注、积极评价，普遍认为元首之间面对面沟通至关重要，对稳定中美关系的作用无可替代，此次会晤展现了双方的积极意愿，取得重要成果，具有非凡意义，对于历经起伏的中美关系发挥了关键引领作用。拜登总统也连发五个推文，表示这是最具积极性和成果最重要的一次会晤。,positive,
35736,王毅说，从西雅图到旧金山，时隔8年，习近平主席同美国各界友好人士再次亲切互动，让我们深切感受到，中美友好的基础还在，交往的动力犹存，合作的前景可期。不论形势如何变化，中美人民交流合作的根本愿望不会改变，中美关系走向光明的未来必然依靠人民。习近平主席这次重要演讲必将激发两国人民更加积极投身中美友好事业，为中美关系实现稳定健康发展积聚更多正能量。此访同时体现出，重情尚义是中华民族的传统美德，也是中国外交的温暖底色。习近平主席既注重增进领导人友谊，又广交各界朋友，赋予中国特色大国外交情理相交、真诚亲和的风格。,positive,
35742,王毅说，在世界经济复苏乏力、不确定因素增多的背景下，外界高度关注中国作为全球主要经济体的表现，普遍期待中国继续发挥全球增长“动力源”和“稳定器”作用。此访期间，习近平主席向APEC工商领导人峰会发表书面演讲，并在多个场合向美国各界及APEC与会各方全面深入介绍中国式现代化的本质内涵及其世界意义。,positive,
35748,亚太经合组织成立已34年，首次亚太经合组织领导人非正式会议召开距今也已有30年。相较于金砖合作机制、二十国集团等多边机制，亚太经合组织成立时间更长、参与成员也较多。伴随时势变化，如今亚太经合组织发展动力何在，未来又将走向何方？,neutral,
35754,从目标的维度看——,neutral,
35760,中国的发展起步于亚太，得益于亚太，也贡献于亚太和世界。从中国加入亚太经合组织起，亚太经合组织便成为中国与亚太地区其他经济体开展互利合作、开展多边外交、展示中国国家形象的重要舞台，如今中国经济总量居世界第二。目前，中国仍是全球经济增长最大引擎，今年对全球经济增长的贡献将达到三分之一。,positive,
35766,立足亚太、造福亚太，新征程上的中国秉持亚太经合组织初心，携手各方合作共赢，必将为亚太乃至全世界共同发展不断作出新的更大贡献。,positive,
35772,新华社国内部、国际部联合制作,neutral,
35778,本次大会以“绿色低碳 电亮未来”为主题，为各方探讨能源转型、推动绿色发展提供了重要平台。亚太电协18个成员国和地区的政府和企业代表、国际组织代表、专家学者等2700余人参加会议。,neutral,
35784,	中国的发展受益于亚太，也用自身发展回馈亚太、造福亚太。回首过往，从携手高质量共建“一带一路”、为亚太互联互通建设搭建更广阔平台，到倡议设立亚洲基础设施投资银行和丝路基金、打造新型投融资平台；从捐款1000万美元用于支持亚太经合组织机制和能力建设，到举办进博会、消博会、服贸会等高水平开放展会，为亚太经济体提供更多商机……中国始终是亚太发展的贡献者、推动者、引领者。面向未来，习近平主席在书面演讲中深刻阐释中国式现代化的中国特色和实践要求，指出“我们坚定站在历史正确的一边，高举和平、发展、合作、共赢旗帜，在坚定维护世界和平与发展中谋求自身发展，又以自身发展更好维护世界和平与发展”。这充分彰显了中国作为负责任大国的责任担当，体现了中国以实际行动彰显扎根亚太、建设亚太、造福亚太的坚定信心和不变决心。,positive,
35790,	11月12日晚，国家主席习近平在北京以视频方式出席亚太经合组织第二十八次领导人非正式会议并发表重要讲话。这是中国共产党十九届六中全会胜利闭幕后，习近平主席首次出席重大多边活动。11日，习近平主席还应邀以视频方式向亚太经合组织工商领导人峰会发表主旨演讲。,neutral,
35796,	“习近平主席的讲话抓住了问题的关键。”中国国际问题研究院常务副院长阮宗泽表示，如果不能赢得抗击疫情的彻底胜利，亚太地区乃至世界范围内经济复苏的基础就不牢固，而抗击疫情则需要地区各经济体共同努力，坚定信心、沉着勇毅。,positive,
35802,	在疫情蔓延背景下，如何实现经济可持续复苏，如何统筹推进抗疫情、稳经济、保民生？,neutral,
35808,	今年是中国加入亚太经合组织30周年。“这30年，是中国深化改革、扩大开放的30年，也是亚太经济合作不断扩展的30年。”讲话中，习近平主席高度评价中国同亚太经合组织的合作。,positive,
35814,	这是11月3日拍摄的江苏省扬州市宝应县鲁垛镇5.28万千伏安风力发电项目（无人机照片）。新华社记者 李博 摄,neutral,
35820,	3月23日，智利交通和电信部长乌特（中）在首都圣地亚哥参观中国轨道列车，称赞这批车辆的到来是近年来智利“铁路发展最重要的里程碑之一”。新华社发（豪尔赫·比列加斯摄）,positive,
35826,	在此次领导人非正式会议期间，习近平主席结合2020年通过的《2040年亚太经合组织布特拉加亚愿景》，围绕到2040年建成开放、活力、强韧、和平的亚太共同体目标，进一步提出构建亚太命运共同体的四项重点工作，包括推动抗疫合作和经济复苏、构建开放型亚太经济、促进创新增长和数字经济发展、实现包容可持续发展。,positive,
35832,	8月23日，在墨西哥普埃布拉州乔卢拉市肿瘤消融医学中心，重庆海扶医疗的墨方合作医生向到访医生演示“海扶刀”治疗系统。新华社记者 朱雨博 摄,positive,
35838,	1月13日2时10分，我国在西昌卫星发射中心使用长征二号丙运载火箭，成功将亚太6E卫星发射升空，卫星顺利进入预定轨道，发射任务获得圆满成功。新华社发（刘光辉摄）,positive,
35844,“反映了亚太工商界的普遍心声”,neutral,
35850,	因应时代挑战，习近平主席在书面演讲中提出“筑牢和平发展的根基”“坚持以人民为中心的发展理念”“打造更高水平的开放格局”“实现更高层次的互联互通”“打造稳定畅通的产业链供应链”“推进经济优化升级”六点主张，为坚定推进亚太区域经济一体化、共同开拓发展新局面、构建亚太命运共同体凝聚了共识与合力。,positive,
35856,	泰国工业联合会副主席维拉猜在峰会现场第一时间研读了习近平主席的书面演讲，“中国式现代化必须走人与自然和谐共生的新路”等重要论述让他印象深刻。他说，中国式现代化很好地平衡了经济发展和生态文明之间的关系，“习近平主席强调共同构建人与自然生命共同体，对亚太及全球可持续发展具有重要启示意义”。,positive,
35862,	本届论坛是全面贯彻落实习近平主席亚太经合组织第二十九次领导人非正式会议中有关中小企业重要讲话精神的重要举措，论坛以“走专精特新之路，共育亚太包容可持续发展新动能”为主题，包括1场主论坛和8场平行论坛及对接会，通过线上线下相结合、深圳-北京两地会场连线互动的方式举办。本届论坛邀请了来自智利、印度尼西亚、日本、墨西哥、菲律宾、俄罗斯、新加坡和泰国等11个APEC成员经济体的政府部门官员、行业机构和商会、研究机构等代表、中小企业家参会，围绕专精特新、数字赋能、产教融合、企业出海、创新创业、低碳绿色、先进制造业以及高质量发展等重点议题，对促进亚太地区中小企业加快创新发展进行深入研讨。,positive,
35868,	在论坛开幕式上，工业和信息化部中小企业发展促进中心（中国中小企业国际合作协会）、深圳市工业和信息化局（深圳市中小企业服务局）和深圳市宝安区人民政府就APEC中小企业工商论坛长期落户深圳签署了战略合作协议；中国中小企业发展促进中心主任单立坡发布了《APEC中小企业发展合作报告（2022）》。,neutral,
35874,	　　5月12日，在美国洛杉矶市政厅，一对舞狮在亚太裔传统月庆祝活动上表演。新华社发（曾慧摄）,positive,
35880,（作者是中国国际问题研究院美国研究所助理研究员）,neutral,
35886,（作者是中国国际问题研究院美国研究所助理研究员）,neutral,
35892,来源：西南林业大学,neutral,
35898,《 人民日报 》（ 2022年11月19日 02 版）,neutral,
35904,　　（三）担当：“下一个‘中国’，还是中国”,neutral,
35910,在延链方面，亚太森博建成投产莱赛尔纤维项目，投资建设生活用纸和文化纸项目，带动周边地区纤维素纤维、特种纤维、纺织、无纺布等产业集群发展，也让公司在纵向产业链上的产品不断向下游延伸，附加值越来越高，盈利能力增强。,positive,
35916,为鼓励轻工企业做大做强，促进行业竞争力不断提升，推动轻工业高质量发展，本着严谨、公正、科学的原则，中国轻工业联合会组织开展了2022年度“中国轻工业二百强企业”统计评价工作。此次统计评价工作以企业自愿申报为基础，通过各轻工行业协会、省级工信委、省级轻工行业组织推荐以及重点企业数据直报四个渠道，组织企业参评。中国轻工业联合会对申报企业2022年度的营业收入利润总额、营业收入、利润率、税收占利税比重、研发投入及营业收入增速六项指标进行统计，按统一标准体系进行评价。,neutral,
35922,据介绍，论坛落户普洱，是亚太森林组织基于普洱拥有森林资源优势、地缘区位优势、平台基地优势、产业体系优势、地方政策优势和未来发展优势，在森林生态系统综合管理、林业可持续发展、生态保护与经济发展共赢等方面作出典型示范的权衡考虑，将为全球特别是亚太区域各经济体不断完善和调整林业政策和发展规划，更加关注发挥森林水库、粮库、碳库和钱库等功能，以应对气候变化、保护生物多样性、维护粮食安全和改善居民生活提供借鉴、积累经验、贡献智慧。（记者 廖智若愚）,positive,
35928,11月25日下午，亚太森博（山东）浆纸有限公司5.25兆瓦分布式光伏电站顺利并网发电，这是企业在低碳发展方面的又一大成就。项目由东亚电力新能源（南京）有限公司按照EMC合同能源管理模式（节能分享型）投资开发。,positive,
35934,	新华社记者,neutral,
35940,	这是2022年2月21日在美国首都华盛顿拍摄的白宫。新华社记者刘杰摄,neutral,
35946,	这是2022年8月4日在美国华盛顿拍摄的白宫。新华社记者刘杰摄,neutral,
35952,	韩国舆论对本国政府加入美日阵营表达了忧虑和质疑。《韩民族日报》警告，如果韩国卷入美国鼓动的“新冷战”，半岛周边安全风险将明显增加，韩国的安全态势将变得更不稳定。韩国前统一部长官李钟奭撰文指出，美国打着价值观旗号，宣称需要建立同盟级别的美日韩军事与政治合作，但韩国到底能从中得到什么让人怀疑。,negative,
35958,亚太6E卫星主要用于为东南亚地区提供高通量通信服务。,positive,
35964,　　文字记者：刘华、韩梁,neutral,
35970,本期解读：田甜 央广网评论员,neutral,
35976,	与会领导人表示，将大力支持人民公平获得安全、有效、质量保证和可负担的疫苗，决心让疫苗成为全球公共产品，继续致力于公平分配疫苗，扩大疫苗生产供应；将加快落实APEC《互联网和数字经济路线图》，加强数字基础设施，鼓励新技术运用，弥合数字鸿沟，努力构建开放、公平、包容的数字营商环境；将推进区域经济一体化，推进亚太自由贸易区建设；应采取切实行动进行有利于气候的全球经济转型，将继续共同努力，支持本地区的能源安全、韧性和可及性。,positive,
35982,亚太6E卫星作为新一代经济型全电推商业卫星，秉承高性能、高效率、高性价比的设计理念，是我国首颗全自主实现轨道转移的卫星，采用长二丙运载火箭发射后，由可分离独立推进舱变轨至中间轨道，分离后再由卫星自带霍尔、离子两套电推进系统自主变轨至同步轨道。,neutral,
35988,二十年来，亚太森博经过持续扩建，目前总投资已超过200亿元，拥有年产220万吨化学木浆、60万吨高档包装白卡纸板的能力，是全国最大的商品木浆生产企业，并改变了全国的造纸原料结构。不过从企业自身的产品结构来看，该企业生产的大部分木浆会运到其他造纸厂造纸，只有少部分在企业内部消化。而新的文化纸生活纸项目建成后，企业产品类别将实现从阔叶木浆、食品卡、液包等工业原料类产品到增加复印纸、面巾纸、餐巾纸、厨房用纸等终端消费产品的跨越。,neutral,
35994,习近平：当前，中国已经开启全面建设社会主义现代化国家新征程。中国将坚定不移扩大对外开放，同世界和亚太各成员分享中国发展机遇。,positive,
36000,中国互联网发展基金会中国正能量网络传播专项基金资助支持,neutral,
36006,	（2021年7月16日，北京）,neutral,
36012,	第二，深化区域经济一体化。开放融通是大势所趋。我们要推动贸易和投资自由化便利化，维护以世界贸易组织为核心的多边贸易体制。我们要拆墙而不要筑墙，要开放而不要隔绝，要融合而不要脱钩，引导经济全球化朝着更加开放、包容、普惠、平衡、共赢的方向发展。我们要加强宏观经济政策协调，抑制负面溢出效应，全面落实亚太经合组织互联互通蓝图，推动数字互联互通合作。我们要推进区域经济一体化，早日建成高水平亚太自由贸易区。中方已率先完成区域全面经济伙伴关系协定核准工作，期待协定年内正式生效。,neutral,
36018,	谢谢大家。,neutral,
36024,	宁波在桥牌运动上一直保持着较高的竞技水平，拥有世界冠军王文霏等为代表的特级大师6人，终身大师1人，部分队伍及个人曾多次获得全国冠军，多人在不同时期入选国家桥牌队。,neutral,
36030,山东省造纸行业协会副会长赵振东主持会议开幕式。山东省工信厅轻工纺织产业处副处长纪建富出席并讲话。中国造纸学会理事长曹振雷博士解读造纸产业“增品种、提品质、创品牌”的“三品”战略。齐鲁工业大学副校长、山东造纸学会理事长刘玉教授，宣读山东省造纸行业协会“双十”标杆企业。山东省轻工纺织工会主席卢飞为山东省造纸行业职工技能竞赛获奖选手颁发证书。齐鲁工业大学轻工学部党委书记、山东造纸学会秘书长孔凡功教授介绍了齐鲁工业大学生物基材料与绿色造纸国家重点实验室的研发创新成果。,neutral,
36036,	亚太6E卫星聚焦东南亚市场，为该地区提供高性价比的高通量宽带通信服务。,positive,
36042,5月22日，笔者来到亚太中心公交场站改造现场。在现场，施工人员正在对原本的公交车停车位黄线进行拆除作业。“根据我们的改造方案，首先将通过压缩公交场站面积的方式，腾出车道用于社会车辆通行，其次将对路口交通组织进行调整，设置三角渠化岛，前移车辆停止线和斑马线，规范行车流线，最后对路口信号灯进行精细化配时，优化亚太中心周边停车场出入交通。”南明区治堵办相关负责人何涛说道，通过本次改造升级，半山小镇往亚太中心方向道路通行效率将得到大幅提升，有效改善花果园区域道路拥堵情况。,positive,
36048,亚太经合组织是怎么来的？这个亚太地区层级最高、领域最广、最具影响力的经济合作机制是怎么运行的？我们来一图读懂——,neutral,
36054,摄影：宋晓刚 罗晓光 戚恒,neutral,
36060,	据了解，这是亚太区首席法官会议继2007年首次在港举行后，再度由香港主持。会议每2年举行一次，让亚太区一众首席法官透过这个平台讨论各司法管辖区共同关注的议题，互相分享经验，有助他们推动各自的司法制度进一步发展。,positive,
36066,亚太森博(山东)浆纸有限公司安全环保高级经理陈东现场介绍了公司绿色低碳高质量发展有关情况及绿泥、污泥资源化利用项目进展情况。,neutral,
36072,南方电网有限责任公司董事长孟振平在致辞中指出，实现碳达峰碳中和，能源是主战场，电力是主力军。近年来，南方电网公司全面落实“四个革命、一个合作”能源安全新战略，充分发挥电网的平台和纽带作用，推动构建绿色低碳的能源体系。绿色发展事关全球未来，南方电网愿与各位电力同仁一起，共同推动能源电力低碳转型，共同书写亚太地区能源国际合作新篇章。,positive,
36078,	很高兴同大家相聚在美丽的“天使之城”曼谷。这是新冠肺炎疫情发生以来我们首次在线下聚首。我谨对泰国政府特别是巴育总理为筹备本次会议作出的努力，表示衷心的感谢！,neutral,
36084,	第二，坚持开放包容，建设共同富裕的亚太。历史反复证明，开放包容、合作共赢才是人间正道。我们要坚持开放的区域主义，加强宏观经济政策协调，构建更加紧密的区域产业链供应链，推进贸易和投资自由化便利化，稳步推进区域经济一体化进程，早日建成高水平的亚太自由贸易区。我们要坚持发展为了人民、发展依靠人民、发展成果由人民共享，促进亚太全体人民共同富裕。中方愿同有关各方全面高质量实施《区域全面经济伙伴关系协定》，将继续推进加入《全面与进步跨太平洋伙伴关系协定》和《数字经济伙伴关系协定》，促进区域融合发展。明年，中方将考虑举办第三届“一带一路”国际合作高峰论坛，为亚太和全球发展繁荣注入新动力。,positive,
36090,	谢谢大家。,neutral,
36096,	亚太地区是全球最具增长活力和发展潜力的地区，是推动能源低碳转型和环境可持续发展的重要力量。海南省省长冯飞表示，海南高度重视清洁能源开发利用，全力打造千亿级风电产业集群，积极推动构建新型电力系统省级示范。海南正加快建设具有世界影响力的中国特色自贸港，希望未来进一步加强与亚太地区能源电力领域的务实合作，促进区域产业链、供应链、价值链深度融合。,positive,
36102,	习近平指出，当前，新冠肺炎疫情仍在全球蔓延，世界经济复苏艰难曲折。亚太地区应该勇担时代责任，发挥引领作用，坚定朝着构建亚太命运共同体目标迈进。,positive,
36108,	中国将坚定不移推进改革开放，为亚太经济发展提供助力。中国致力于推进高标准市场体系建设，推动重要领域和关键环节改革取得新进展，打造高水平、制度型对外开放格局，持续优化营商环境，打造统一开放、竞争有序的市场体系，不断夯实中国经济长远发展根基，并为亚太及全球工商界来华投资兴业提供更好保障。,positive,
36114,	第一，全力抗击疫情。越是困难时刻，越要坚定信心，越要沉着勇毅。面对这场事关人类前途命运的世纪考验，亚太各经济体和社会各界要坚持人民至上、生命至上，弘扬科学精神，团结一心，努力赢得抗击疫情的彻底胜利。,neutral,
36120,	中国将推进全面绿色转型，为亚太及全球生态文明建设作出贡献。中国将积极推进生态文明建设，坚定实施应对气候变化国家战略，统筹低碳转型和民生需要，如期实现碳达峰、碳中和目标。欢迎亚太工商界积极参与，共创绿色发展未来。,positive,
36126,	“亚太地区国家间有大量的中间产品贸易，中国在中间产品贸易份额的占比近年来不断增加。因此，中国无疑是该地区供应链价值链中的重要一环。”朴之水说。,positive,
36132,	他注意到，近年来，消费已经成为中国经济增长的重要引擎。随着中等收入群体规模的不断扩大，居民消费能力的提质升级，中国的内需潜力有望进一步得到释放。,positive,
36138,	监制：李拯宇 周宁,neutral,
36144,	新华社国际传播融合平台出品,neutral,
36150,当前，世界经济面临诸多不稳定不确定因素，各方期待亚太继续发挥引擎作用，引领世界经济增长。亚太经合组织是亚太地区重要经济合作平台。习近平主席将在会上发表重要讲话，全面阐述中国对深化亚太合作、促进地区和世界经济增长的重要主张。我们期待各方坚守亚太合作初心，聚焦地区迫切需求，深化团结合作，全面平衡落实亚太经合组织2040年布特拉加亚愿景，推动会议取得积极成果，为亚太和世界增长注入新动力，携手构建亚太命运共同体。,positive,
36156,	中华人民共和国主席 习近平,neutral,
36162,	第三，推进绿色转型。良好生态环境是最基本的公共产品和最普惠的民生福祉。亚太地区要把绿色作为疫后复苏的底色，努力做科学应对气候变化的领航者。要坚持共同但有区别的责任原则，落实好应对气候变化《巴黎协定》和《生物多样性公约》第十五次缔约方大会成果。发达经济体要秉持共同体意识，为发展中经济体提供资金和技术支持，帮助他们提高环境治理能力，共同走绿色、低碳、可持续发展道路。,positive,
36168,	——中国将坚定不移推进改革开放，为亚太经济发展提供助力。中国致力于推进高标准市场体系建设，推动重要领域和关键环节改革取得新进展。中国将打造高水平、制度型对外开放格局，持续优化营商环境，鼓励自由贸易试验区创新发展。中国已批准《区域全面经济伙伴关系协定》，并申请加入《全面与进步跨太平洋伙伴关系协定》，将在履约和谈判进程中继续压减外资准入负面清单，推动农业和制造业全方位开放，加大服务业开放力度，依法给予内外资企业同等待遇。,neutral,
36174,	女士们、先生们、朋友们！,neutral,
36180,亚太经合组织是怎么来的？这个亚太地区层级最高、领域最广、最具影响力的经济合作机制是怎么运行的？我们来一图读懂——,neutral,
36186,摄影：宋晓刚 罗晓光 戚恒,neutral,
36192,	此次边会是由中国常驻亚太经社会代表处、柬埔寨常驻亚太经社会代表处和联合国可持续农业机械化中心共同举办的、以“防治土地退化，促进亚太粮食安全”为主题的在线研讨会。亚太区域内多国和联合国粮农组织等代表就保护性耕作、防治土地退化、推动农业机械化、可持续农业创新等分享实践经验。,neutral,
36198,	编辑：王雪纯、丁亦鑫,neutral,
36204,	“习近平主席呼吁走和平发展之路、开放包容之路、和衷共济之路，不断深化互信、包容、合作、共赢的亚太伙伴关系，建设和平稳定、共同富裕、清洁美丽、守望相助的亚太，为亚太经合组织（APEC）再创区域合作新辉煌指引方向。”席勒研究所研究员雨果·洛佩兹·奥乔亚日前在接受本报记者采访时表示，习近平主席在APEC平台阐述的中国主张引导亚太合作沿着正确方向前进，为地区和世界和平稳定与发展繁荣作出了重要贡献。,positive,
36210,	日前结束的北约马德里峰会出台新“战略概念”文件，严重歪曲中国内外政策，大肆炒作“中国挑战”。此次北约峰会还首次邀请亚太国家领导人参加，表现出北约向亚太扩张的意图。北约在欧洲的不断扩张已经酿成乌克兰危机，如今这个军事组织试图进一步突破其公约规定的地域，在亚太挑起集团对抗，势必会给地区和全球安全制造更大风险。,negative,
36216,	（作者为中国社会科学院欧洲研究所所长）,neutral,
36222,	务实“合作”。历史反复证明，开放包容、合作共赢才是人间正道。当前，亚太地区局势总体稳定，区域合作不断取得进展，和平发展、合作共赢是主流。这一主流，是建立在互相支持、互相帮助的基础之上的。无论深化亚太经合组织框架内合作，还是推进亚太自由贸易区进程；无论打造便利、高效、安全的亚太产业链供应链，还是实现亚太经济数字化转型，都需要以坚实决心、求实精神、务实行动来深化彼此的互联互通。事实上，“亚太奇迹”是靠大家携手奋斗、爬坡过坎创造的。面向未来，只有坚持合作代替对抗、包容代替排他，在合作中形成共同体意识，才能为亚太和全球发展繁荣注入新动力。,positive,
36228,一是延续空运主题。“机动卫士”演习的前身，是始于1962年的“空中机动竞赛”，两者都是美国及其盟友针对运输机性能展开的竞赛演练。今年的“机动卫士23”继续聚焦冲突背景下的紧急运输支援行动，包括远程空运、空中加油、航空医疗后送、全球机动支援和人道主义救援等。,neutral,
36234,美空军主要借助“机动卫士23”演练美军“敏捷战斗部署”作战概念，及其在亚太地区的运用。美军认为，空军以往依赖固定作战基地的战略，已不适用于未来战争，更无法在太平洋地区维持空中优势。为此，美空军提出“敏捷战斗部署”作战概念，意图通过分散部署和快速反应的方式对付潜在对手。通过此次演习，美空军计划进一步扩大该概念的应用范围，全面整合美国及其盟友的空中运输力量，以实现在太平洋地区发生冲突情况下的广泛合作与支援。,positive,
36240,					　　许丛军摄（人民视觉）,neutral,
36246,	我们要走和平发展之路。亚太地区曾饱受冲突战乱之苦，成为大国争斗的竞技场、国际矛盾的聚集地。历史昭示我们，阵营对抗解决不了问题，偏见只会带来灾难。正是因为摆脱了冷战阴霾，亚太地区特别是中小经济体步入奔向现代化的快车道，“亚太奇迹”才应运而生。 亚太地区不是谁的后花园，不应该成为大国角斗场。任何搞“新冷战”的图谋，人民不会答应，时代不会允许！,neutral,
36252,	我们要走开放包容之路。开放包容是人类繁荣进步的基本条件。几十年来，亚太各经济体打破市场分割，拉紧经济纽带，积极拥抱世界，为经济发展开辟了广阔空间。亚太经合组织秉持开放的区域主义，坚持多样性、非歧视原则，构筑了包容普惠的地区合作架构。正是凭借这种胸襟和格局，亚太地区才得以抓住经济全球化机遇，在区域经济一体化方面走在时代前列。 开放带来进步，封闭必然落后。阻滞甚至拆解亚太地区长期形成的产业链供应链，只会使亚太经济合作走入“死胡同”。,neutral,
36258,	我们要走和衷共济之路。“亚太奇迹”是靠大家携手奋斗、爬坡过坎创造的。长期以来，亚太地区秉持大家庭精神，坚持同舟共济、共克时艰，化解各种风险，在世界经济大潮中破浪前行，在合作中形成共同体意识，成为实现不断发展的深厚根基。 当前，亚太经济进入疫后复苏的关键阶段。各经济体普遍面临供应链紊乱、粮食能源紧张、通胀压力加大等困难。我们要加强合作，互相支持，互相帮助，推动亚太经济走在世界经济复苏前列。,neutral,
36264,今年年初以来，中美关系经历不少曲折，面临困难局面，在双方共同努力下，中美关系近期出现止跌企稳势头。结合举办APEC会议，拜登总统向习近平主席发出一份举行元首会晤的单独邀请。这是习近平主席时隔6年访美，也是两国元首自去年11月巴厘岛会晤以来再次面对面会晤。两国元首就事关中美关系的战略性、全局性、方向性问题以及事关世界和平和发展的重大问题坦诚深入地交换了意见。,neutral,
36270,中国人民大学国际关系学院教授 刁大明：我觉得这次会晤符合国际社会的期待，超越国际社会的预期。作为安理会两个常任理事国，作为如此不同两个大国，进行这样重要的沟通，对当今世界来说是注入了强劲的稳定性和确定性。,positive,
36276,外交学院副院长 高飞：在疫情之后，世界经济复苏乏力，而且世界面临着包括气候变化之内全球性的挑战，没有任何一个国家能够独立解决。习主席这次在谈到APEC发展的时候，谈到了四个方面，这些方面总体来讲给地区合作与发展指明了很好的方向。,positive,
36282,此访是习近平外交思想的又一次成功实践。从年初在莫斯科举行中俄元首会晤，到年底在旧金山举行中美元首会晤，中国坚持不懈推进大国协调合作，推动构建总体稳定、均衡发展的大国关系框架，充分彰显了中国负责任的大国担当。同时，通过出席一系列多边峰会，中国主张和中国理念广得人心，中国建设性的大国作用更为凸显。这次访问再次证明，不论国际风云如何变幻，习近平主席总是以高远的眼光、强大的定力、卓越的智慧，指引中国外交攻坚克难、勇毅前行，为实现中华民族伟大复兴营造主动有利的外部环境，为推动世界和平与发展的进步事业作出更多更大贡献。,positive,
36288,记者：据报道，北约秘书长斯托尔滕贝格近期受访时称，面对中国构成的“安全挑战”，北约必须深化同印太地区伙伴接触。请问发言人有何评论？,neutral,
36294,“由于历史选址原因，厂址离市区比较近，所以我们对环保要求非常高。”许广利说，亚太森博水资源重复利用率达95％以上，每年通过城市中水回用还可以节约1000万吨的原水资源。烟气余热回收利用，能为附近社区提供约600万平方米的供暖热源。制浆黑液提取率99.7％，进行蒸发、燃烧、苛化、碱回收率达99.3％，污泥干燥燃烧，可节约煤炭用量。,neutral,
36300,	强推“印太战略”，破坏地区原有的通过合作维护安全与发展的势头,neutral,
36306,	据新加坡《联合早报》报道，今年3月底至4月初新加坡总理李显龙访问美国期间，在与美国总统拜登的会谈开场及后来的记者会上，多次使用“亚太”一词。新加坡国务资政兼国家安全统筹部长张志贤也指出，无论这些名词的前缀是亚洲、跨洲，还是印度洋，“让我们把精力和创造力投入到建设和发展融合而非分歧的架构上”。,positive,
36312,	美国学者也对“印太经济框架”表达了担忧。美国战略与国际问题研究中心副总裁马修·古德曼和美国商务部前副部长威廉·赖因施共同撰文指出，大多数印太国家都不愿意支持“美国优先”的规则，他们对美国在该框架下的承诺是否持久表示疑虑。美国学者泽奈勒·加西亚在外交学者网站发表文章指出，把亚太地区重新界定为“印太地区”的做法因为在逻辑上自相矛盾的政策而受到削弱。“印太战略”没有考虑到地区经济一体化趋势，缺乏真正的贸易政策。,negative,
36318,	亚太要自立自强，把命运掌握在自己手中。外交学院亚洲研究所所长郭延军表示，本地区国家总体上对美国提出的“印太战略”持慎重态度。大多数地区国家将经济社会发展视为第一要务，更加注重地区务实合作，亚太合作框架已经运行很长时间，合作基础较为牢固，因此更受大多数地区国家青睐。,positive,
36324,世界又一次站到十字路口。世界向何处去？亚太怎么办？我们必须给出答案。,neutral,
36330,——我们要走开放包容之路。开放包容是人类繁荣进步的基本条件。几十年来，亚太各经济体打破市场分割，拉紧经济纽带，积极拥抱世界，为经济发展开辟了广阔空间。亚太经合组织秉持开放的区域主义，坚持多样性、非歧视原则，构筑了包容普惠的地区合作架构。正是凭借这种胸襟和格局，亚太地区才得以抓住经济全球化机遇，在区域经济一体化方面走在时代前列。,neutral,
36336,第一，筑牢和平发展的根基。我们要遵循联合国宪章的宗旨和原则，树立共同、综合、合作、可持续的安全观，共同反对冷战思维和阵营对抗，搭建亚太安全架构，为亚太经济发展和长治久安创造条件。,neutral,
36342,女士们、先生们、朋友们！,neutral,
36348,——中国式现代化必须走人与自然和谐共生的新路。这是对我们自己负责，也是对世界负责。近年来，我们坚持绿水青山就是金山银山的理念，促进经济社会发展全面绿色转型，努力建设天蓝、地绿、水清的美丽中国。,neutral,
36354,（新华社曼谷11月17日电）,neutral,
36360,据了解，亚太森博（山东）浆纸有限公司从欧洲引进先进的造纸工艺技术和设备，该台纸机是世界上最快的文化纸机，设计车速达到每分钟1800米。纸机配置有DCS自动控制系统和QCS质量在线检测系统，确保产品品质稳定。同时配套进口全自动中间仓库、自动切纸机，从原纸上机裁切到令包装、堆叠、箱打包、成品码放栈板，再到PE膜防护捆绑，整个过程实现智能化操作。产品包括新一代高品质多功能办公用纸、全木双浆胶纸，匹配多种现代办公设备、印刷机。该生产线以100%可再生木浆纤维作为原料，满足市场对绿色低碳、高标准环保要求高端纸品的需求。,neutral,
36366,	“大道至简，实干为要”。自加入APEC以来，中国一直在用实际行动促进亚太合作发展。相关数据显示，截至2020年，中国与APEC成员间贸易额已经达到2.87万亿美元。设立亚投行和丝路基金，以及打造新型投融资平台等等，都为亚太发展注入了中国力量。在这背后，是中国开放发展的决心和诚意。世界银行研究报告显示，中国共建“一带一路”倡议将使相关国家760万人摆脱极端贫困、3200万人摆脱中度贫困。互利合作、共同发展，中国正为亚太乃至全球经济发展注入新动力。,neutral,
36372,	亚太经济合作组织，简称“亚太经合组织”或“APEC”，是亚太地区层级最高、领域最广、最具影响力的经济合作机制。,positive,
36378,					七月十六日晚，国家主席习近平应邀在北京以视频方式出席亚太经合组织领导人非正式会议并发表讲话。,neutral,
36384,	第一，加强抗疫国际合作。中方向发展中国家提供了5亿多剂疫苗，未来3年内还将再提供30亿美元国际援助。中方愿积极参与保障疫苗供应链稳定安全、促进关键物资流通等合作倡议，采取有效措施确保人员健康安全有序往来。中方向亚太经合组织捐资成立“应对疫情和经济复苏”子基金。,neutral,
36390,	本次会议由今年亚太经合组织东道主新西兰倡议以视频方式召开，主题为“新冠肺炎疫情背景下亚太地区如何把握机遇，合作应对卫生危机，加速经济复苏，为未来发展打下更好基础”。,neutral,
36396,	澳门旅游局自1995年起支持该项评选，促进区内旅游可持续发展。亚太旅游协会及其活动为澳门与全球旅游业界交流联系，提供重要平台，提升国际知名度。,positive,
36402,	今年是中国加入亚太经合组织30周年。这30年，是中国深化改革、扩大开放的30年，也是亚太经济合作不断扩展的30年。亚太成为全球最具增长活力和发展潜力的地区，始终位于世界经济发展前沿，为世界经济增长和地区人民福祉作出了积极贡献。,positive,
36408,	各位同事！,neutral,
36414,APRC仅有四台赛车完成比赛，亚军是宁夏嘉业建设车队的金京/刘汝萍，同时金京也获得了CRC的亚军，季军是东盛赛车队的潘东/高辉，第四名为壹元树拉力车队汤启龙/邓鹰。,neutral,
36420,	习近平指出，当前，新冠肺炎疫情起伏反复，疫情防控形势依然严峻。同时，和平与发展仍然是时代主题，维护多边主义，加强团结合作，共同应对挑战的呼声更加强烈。我们去年通过了亚太经合组织2040年愿景，提出了亚太共同体目标。亚太是世界经济增长的重要引擎。早日战胜疫情，恢复经济增长，推动世界经济复苏，是亚太各成员当前最重要的任务。,positive,
36426,	习近平最后说，新西兰有一句毛利谚语：“当你面向太阳，阴影终将消散。”我们对人类合作战胜疫情充满信心，对世界经济复苏前景充满信心，对人类共同美好的未来充满信心。让我们同舟共济、守望相助，携手推进抗疫合作和经济复苏，共创共享亚太繁荣美好的未来！,positive,
36432,					　　本报记者 孙广勇摄,neutral,
36438,					　　中车株机供图,neutral,
36444,	“这是产品交货前的最后几道工序，必须保证无尘环境。”联昌泰国公司负责人余乐乐向记者介绍，公司生产的各种塑料按压头，有40%供应给宝洁公司，“精益求精”是同跨国客户长期合作的基础。联昌泰国公司2016年落地工业园，目前泵头日产能达到320万、阀门日产能为50万。该公司生产的塑料按压头，不仅在泰国市场占有率达50%，还覆盖东盟其他国家，并远销欧美。,positive,
36450,	11月11日，夜幕刚刚降临，泰国曼谷暹罗广场就开始了一场热闹非凡的音乐表演。这是总部设在新加坡的东南亚电商平台“来赞达”专门为“双11”组织的促销活动。在印尼首都雅加达街头，“来赞达”也组织了类似活动，设置了多个巨型糖球机，消费者可通过扫描二维码抽取“福利”，在电商平台兑换使用。,positive,
36456,	走进柬埔寨金边郊区的众智制衣有限公司车间，缝纫机作业声此起彼伏，数千名当地工人忙碌在验布、裁剪、缝合、剪线、熨烫等多条流水线上。《区域全面经济伙伴关系协定》（RCEP）生效后，该公司的订单比去年同期增加了30%，多了不少来自泰国、菲律宾、韩国的订单。“关税降低，原材料进口和成衣出口都更加方便，为我们开辟了更多区域内的市场。”公司负责人王志兰说，RCEP给柬埔寨制衣行业带来了很大信心，许多制衣厂已经在规划扩建车间。,positive,
36462,	联合国贸发会议秘书长格林斯潘认为：“在全球开放程度不断下降、贸易成本不断上升、供应链出现瓶颈的情况下，RCEP推动东亚和亚太地区贸易一体化发展，有助于促进区域乃至世界开放合作，为世界经济发展作出贡献。”,positive,
36468,徐晓兰表示，APEC各经济体应通力合作，共同促进亚太地区中小企业包容可持续发展，并提出四点倡议：落实布特拉加亚愿景，推动亚太地区经济增长和可持续发展；促进专精特新发展，培育更多优质中小企业；拥抱数字化绿色化，加快中小企业转型升级；鼓励青年、女性创业创新发展，提升增长包容性。,neutral,
36474,如何促进中小企业发展、推动亚太地区创新？越南工业和贸易部副部长杜胜海在致辞中提出了三点建议，包括政府层面研究并出台多项财政扶持政策，减轻中小企业收入损失的压力；建议中小企业聚焦战略重构，从资金、人力资源、管理体系等方面积极调整适应变化；鼓励加快推动中小企业数字化解决方案的普及与应用。,neutral,
36480,本届亚太电协大会展览会展区总面积17500平方米左右，将全方位展示亚太电协成员单位的创新成果与发展成就，为国际国内业内同仁提供技术创新与市场需求对接的平台。,neutral,
36486,策划：杨格 李婷,neutral,
36492,他介绍，在特区政府和旅游业界的共同努力下，香港的旅游业正稳步复苏。从今年一月至八月，已经有超过2000万旅客来香港旅游。而在八月，每天平均超过13万人次旅客入境。特区政府会继续与香港业界联手，丰富香港的旅游元素，吸引旅客到访。,neutral,
36498,策划：杨格 李婷,neutral,
36504,颁奖典礼分为三个章节，分别对优秀家长、优秀学生、优秀家长进行了隆重表彰。学校希望通过该活动，号召全体开中人向榜样学习，凝聚前行力量以榜样带动榜样，让更多的师生、家长也成为榜样，在学校及家庭中形成好学风、好教风、好家风，为广大学生营造良好的成长环境。,neutral,
36510,	一是阐释中国发展道路，扩大国际认知认同。今年是中国共产党成立100周年。百年来，中国共产党带领中国人民取得伟大历史成就，不仅深刻改变了中国人民和中华民族的前途和命运，也深刻改变了世界发展大势。习近平主席立足亚太、面向世界，指出中国已经开启了全面建设社会主义现代化国家新征程。我们将立足新发展阶段、贯彻新发展理念、构建新发展格局，建设更高水平开放型经济新体制，创造更具吸引力的营商环境，推进高质量共建“一带一路”，同世界和亚太各国实现更高水平的互利共赢。习近平主席的重大政策宣示，积极回应国际社会期待，向亚太和世界人民展示了新时代更加自信、开放的中国，将给亚太和世界带来更大发展机遇，为日趋复杂的国际和地区形势注入来自中国的正能量。,positive,
36516,	习近平主席指出，要深化区域经济一体化，推动贸易和投资自由化便利化。要拆墙而不要筑墙，要开放而不要隔绝，要融合而不要脱钩，引导经济全球化朝着更加开放、包容、普惠、平衡、共赢的方向发展。要全面落实亚太经合组织互联互通蓝图，推进区域经济一体化，早日建成高水平亚太自由贸易区。,neutral,
36522,	多国人士指出，习近平主席在亚太经合组织第二十九次领导人非正式会议上的重要讲话深刻阐释了中国式现代化道路对整个世界现代化发展的重要意义，清晰有力地表明中国真诚与亚太和世界开展各领域务实合作、分享中国发展的机遇的意愿和决心。,positive,
36528,	（来源：央视新闻客户端）,neutral,
36534,这几天，美国和北约官员扎堆到访亚太地区。先是北约秘书长斯托尔滕贝格访问韩日，接着是美国国防部长奥斯汀飞抵韩国和菲律宾。,positive,
36540,来人正是美国国防部长劳埃德·奥斯汀。,neutral,
36546,·宣称“加强遏制朝鲜核导威胁的力量”,neutral,
36552,不难发现，“同盟”“延伸威慑”“核”几个关键词不仅是奥斯汀对韩频提的，也是对菲强调的。,neutral,
36558,其二，美国执迷于大国战略竞争体系。,negative,
36564,滕建群认为，延伸威慑的承诺是美国建立同盟的最好诱饵，是美国惯用的套路，美国对北约成员国也是如此。,negative,
36570,北约“亚太化”,neutral,
36576,刘卫东认为，北约秘书长访问亚洲，本身是在说明北约的亚太化开始进入实质性的部署阶段。,neutral,
36582,《韩民族日报》在评论中指出，所谓“核共享”，共享的绝不是核武器所有或使用权，而是“核武器带来的政治负担和作战危险”。北约带来的“核诱饵”对追求外部环境安全稳定的韩国而言，绝对“是毒药而非良方”。,negative,
36588,	本报讯（记者 戚颖璞）昨天，亚太台风研究中心在上海揭牌成立，并已落户上海自贸区临港新片区。,neutral,
36594,	亚太经合组织第二十九次领导人非正式会议正在泰国曼谷举行。泰国泰中“一带一路”合作研究中心主任威伦·披差翁帕迪18日下午接受人民网采访时表示，亚太经济正处于疫情后复苏的关键阶段。中国的发展为亚太各经济体带来更多机遇。互利共赢的产业链合作，不仅为亚太打造了应对风险的“护城河”，也将为亚太地区带来稳定和繁荣。中国高效的制造能力和广阔的市场，将给全球经济复苏带来希望。,positive,
36600,根据文化遗产分布和居民的搬迁意愿，南京将马道街——堆草巷及两侧地块作为示范项目段落。根据历史街巷脉络，拆除占据街巷空间的违建，保障小型消防车辆进入街区。以“微型管廊”技术敷设水、电、煤气等市政管线，为历史街区消防安全和居民生活改善提供支撑。在街边巷口见缝插针，设置10余处口袋广场，改造街巷铺装，居民与游客共享。,neutral,
36606,论坛主要包括开幕式、闭幕式、两场主旨论坛、十场平行分论坛和南南合作应对气候变化与可持续发展培训等活动安排，将从应对气候变化政策、碳定价与碳市场、创新融资机制、技术创新、数字化赋能等角度探讨应对气候变化综合解决方案，分享智慧成果、促进政策扩试、开展务实合作，加强国际交流合作。,positive,
36612,	香港特别行政区财政司司长陈茂波在线上致辞中表示，香港将继续发挥自身优势，成为世界一流的金融中心。作为中国内地和世界其他国家金融往来的枢纽，香港将利用自身在人才储备、服务质量、政策环境上的独特优势，在绿色金融、低碳转型和人民币国际化等方面发挥自身所长，进一步推动亚太地区金融合作和发展。,positive,
36618,6月5日，来自市文化旅游委消息，由世界节庆协会(IFEA)主办的“2023亚太旅游节庆城市颁奖典礼”近日在韩国举行。重庆凭借魔幻璀璨的都市夜景、活力十足的夜间经济，与澳大利亚悉尼、韩国统营共同入选“2023亚太三大旅游节庆城市”。,neutral,
36624,市文化旅游委相关负责人称，接下来，我市将着力打造“重庆味、国际范”的不夜城，不断提升重庆对外交往活跃度、城市品牌知名度和城市经济外向度，聚力打造中西部国际交往中心、国际消费中心城市和世界知名旅游目的地，加快建设国际化、绿色化、智能化、人文化现代大都市。（重庆日报客户端 记者 韩毅）,neutral,
36630,	美国防部长奥斯汀在评论美英澳三边安全伙伴关系时表示，美军用飞机在澳大利亚的部署将提高澳美两国的联合作战能力。,positive,
36636,加剧军备竞赛,neutral,
36642,	据了解，该卫星体积为350×350×700mm，重36kg，运行于高度为517公里的太阳同步轨道。在研制过程中，来自巴基斯坦、秘鲁等多个国家的大学生参与了该卫星多个分系统的方案设计，以及工程样机研制、集成测试、样机联调等工作。此次发射任务将对盘绕式伸展臂机构在轨展开技术、ADS-B空管接收机在轨技术进行验证，并进行遥感成像。,positive,
36648,	报告指出，城市的产业可持续性是指该城市的产业发展与其自然-经济-社会条件相适应的能力，直接影响该城市发展的水平和质量。,neutral,
36654,在美国的西海岸，习近平主席重温APEC机制初心，再次为亚太合作指明方向、擘画蓝图，围绕如何打造亚太下一个“黄金三十年”，问诊把脉、开出药方。此访是习近平主席今年出席多边峰会的“收官作”，中国主张和中国理念广得人心，中国建设性的大国作用更为凸显。,neutral,
36660,最美人间四月天，最是读书好时节。4月23日是第28个“世界读书日”，为支持学校建设书香校园，公司联合日照市金海岸中学在举办2023“爱润书香，筑梦远航”亚太森博爱心图书捐赠暨金海岸中学“亚太森博杯”读书节启动仪式，仪式在日照江和图书馆城市书房举办，公司共为学校捐赠价值80000元图书，图书将放在城市书房供广大学子和周边社区居民阅读。,neutral,
36666,这些信号主要包括增强多边贸易体制的权威性和有效性，就改进世贸组织的争端解决和贸易谈判功能开展讨论，推动在电子商务、中小微企业、投资便利化等倡议上取得积极成果，加快疫苗知识产权临时豁免的讨论。同时，还将推动贸易在应对环境问题、气候变化、粮食安全等方面发挥积极作用。,positive,
36672,	三是优势互补实现合作共赢，加强发展政策对接，深化务实合作，为落实联合国2030年可持续发展议程作出亚太贡献。,positive,
36678,美海军MQ-4C型机机组人员对关岛基地并不陌生，该型机首次海外部署地就是关岛。2020年1月，驻杰克逊维尔海军航空站的第19无人机巡逻中队2架MQ-4C型机落户关岛，开启为期两年半的试验性作战飞行训练，2022年10月飞回本土。在经历近1年空窗期后，美海军调派升级版MQ-4C赴亚太地区部署。,positive,
36684,与战略侦察无人机相呼应，美在日韩部署的战役-战术级无人机也渐成规模。位于韩国群山基地的MQ-1“灰鹰”无人机中队，与在韩国常驻的RQ-7等战术侦察无人机，成为美安插在朝鲜半岛的所谓利器。其中，“灰鹰”无人机是“捕食者”无人机的升级版，具备察打一体功能，可携载“地狱火”等战术导弹，是美军“发现即摧毁”理念的战场实践平台，最长制空时间达40小时。,positive,
36690,美与日韩等国在无人机作战力量建设方面的合作，也变相推动了美与盟友军事一体化进程。在8月中旬的美日韩首脑峰会中，3国提出加强情报共享和交流。RQ-4、MQ-9等无人机将成为情报获取与合作的重要载体平台。（石文）,positive,
36696,论坛同时还发布了泰中“一带一路”研究中心最新研究成果《中国—东盟共同体之路：中老泰高铁沿线开发与合作》(泰文版)一书。该书由中国、老挝、泰国三国青年学者共同撰写。 (记者 王国安),positive,
36702,什么是社会责任？在亚太森博看来，经过二十年的栉风沐雨，从“经常有气味”到“国家绿色工厂”，再到“环保指标、运营效率代表国际领先水平”，亚太森博一路环境之变、坚持绿色生产，与城市共生共荣，始终就是一份最大的社会责任。,neutral,
36708,“通过超前性、引领性的社会责任活动，来倒逼整个行业进行转型升级，从环保这个‘社会大责任’出发，最大限度减少企业运营对环境产生的影响，最大限度的‘变废为宝’，实现‘循环发展’，践行亚太森博2030可持续发展目标。”亚太森博企业社会责任主任周文龙表示。,neutral,
36714,教育关乎国家的未来，支持教育一直是企业社会责任的重中之重，亚太森博在教育扶持上，始终不遗余力。,neutral,
36720,研究证明，0—3岁是儿童大脑发育的关键时期，这一阶段的发展水平会对孩子未来的健康、成就和终身福祉产生非常重要的影响。而在现实生活中，尤其是农村地区，0-3岁幼儿既不够年龄不能上幼儿园，又由于城市化原因，父母不一定在身边，多由爷爷奶奶、姥姥姥爷等隔代照顾。,neutral,
36726,在积极践行社会责任这条路上，亚太森博心系乡村振兴，持续不断地在乡村这片沃土上散播爱与希望。,positive,
36732,去年10月份，亚太森博资助“五莲县汪湖镇汪湖社区幸福院”建成投入使用，餐厅可一次提供300人餐食，并解决部分当地村民就业。同月，联合工会、社区举办亚太森博（山东）2022关爱社区公益健身长跑活动，1392名员工参加，共募集善款27840元，用于春节走访社区困难家庭维护政府关系，履行社会责任，支持日照城市发展，做负责任企业公民。,neutral,
36738,别小看这一条小小的密封条，它可是汽车的重要部件之一，填补车身各部件之间的各种间隙和缝隙，具有减震、防水、防尘、隔音、装饰等功能。,neutral,
36744,目前，萨固密中国已经成为宝马、奔驰、长安、大众等在中国市场主流汽车品牌以及多个新能源汽车品牌的核心合作伙伴，并逐渐为萨固密集团中国区外工厂提供项目支持服务。如在重庆，萨固密就已经为长安提供了20多款车的密封条研发。,neutral,
36750,	亚太地区已有行之有效的区域合作架构，地区国家都从中受益。美国刻意抹去“亚太”名称、稀释“亚太”概念，在亚太地区另搞一套，显然不是为了地区国家的发展繁荣。地区国家对此看得很清楚。“印太战略”一经推出，其浓厚的对抗色彩就引起了地区国家的警惕。近来，美国开始对其进行二次包装，希望通过另立一套所谓框架、规则，制造“高标准合作”的假象。然而，美国在推出“印太经济框架”时，明确声称要确保美国在21世纪的竞争中胜出，为地区国家提供替代中国方案。这充分说明该框架是为推进美国地缘战略服务的，美国对盟友和合作伙伴的所谓“重视”，就是为了让地区国家与中国经济“脱钩”，让亚太国家充当美国霸权的马前卒。这也就不难理解，该框架既没有关税豁免、市场准入等安排，也不关心地区国家的发展水平和实际需要。卡内基国际和平基金会副会长方艾文直言，美国政府目前在亚洲制定的每一项政策，都是对华竞争的“衍生品”，并没有拿出任何一项与对华竞争无关的、积极的地区发展愿景。,negative,
36756,	本届工商论坛将是全面贯彻落实习近平主席亚太经合组织第二十九次领导人非正式会议中有关中小企业重要讲话精神的重要举措。APEC中小企业工商论坛是亚太地区工商界领袖与政府间加强交流对话、推动中小企业创新发展的高级别国际论坛；是每年具体落实APEC领导人非正式会议成果的重要国际合作交流平台；也是深圳举办的规格最高、极具国际知名度和影响力的工商领袖年度盛会。,positive,
36762,	在日前举行的亚太经合组织第二十八次领导人非正式会议和工商领导人峰会上，习近平主席分别发表重要讲话，把握发展大势，回答时代之问，就构建亚太命运共同体提出一系列中国主张、中国方案，为亚太地区乃至世界团结抗疫、重振经济指明方向，注入强劲动力。,positive,
36768,	“成功从不是凭借个人，而是依靠集体。”各方行动起来，以合作之光驱散疫情阴霾，一定能携手开创亚太经济合作新篇章，共同迈向开放包容、创新增长、互联互通、合作共赢的亚太命运共同体。,positive,
36774,越是困难时刻，越要坚定信心，越要沉着勇毅。中国将始终同亚太各成员一道，积极推动构建亚太命运共同体，携手开创亚太经济合作新篇章,positive,
36780,	越是困难时刻，越要坚定信心，越要沉着勇毅。站在历史正确一边，站在人类进步一边，中国将始终同亚太各成员一道，积极推动构建亚太命运共同体，携手开创亚太经济合作新篇章。,positive,
36786,	■ 今年是中国加入亚太经合组织30周年。这30年，是中国深化改革、扩大开放的30年，也是亚太经济合作不断扩展的30年。亚太成为全球最具增长活力和发展潜力的地区，为世界经济增长和地区人民福祉作出了积极贡献。我们要推进落实2040年布特拉加亚愿景，构建开放包容、创新增长、互联互通、合作共赢的亚太命运共同体。第一，推动抗疫合作和经济复苏。第二，构建开放型亚太经济。第三，促进创新增长和数字经济发展。第四，实现包容可持续发展,positive,
36792,	第四，实现包容可持续发展。要坚持人与自然和谐共生，积极应对气候变化，促进绿色低碳转型，努力构建地球生命共同体。中方支持发展中国家发展绿色低碳能源，愿同有关各国一道，推进高质量共建“一带一路”，全面落实联合国2030年可持续发展议程，让发展成果更多更公平惠及各国人民。我提出全球发展倡议，旨在推动全球发展迈向平衡协调包容新阶段，对推动亚太地区可持续发展具有重要意义。经济技术合作是亚太经合组织重要合作领域，应该加大投入力度，确保发展中成员从中受益，为亚太地区发展繁荣持续注入新动力。,positive,
36798,相关新闻：,neutral,
36804,拉帮结派秀姿态,neutral,
36810,	分析人士指出，美国在亚太地区搞“小圈子”外交，加剧地区紧张，严重危害地区安全稳定，也损害地区国家利益，不得人心。,negative,
36816,	张腾军表示，“四国机制”半年举行两次峰会，看似进展顺利，但实质成果寥寥无几，主要原因是各国关心的侧重点不同，投入资源的力度也不同。而且在对华心态上，美国希望将该机制打造为全面对抗中国的“小圈子”，但其他国家并不一定希望与中国激烈对抗。,negative,
36822,拉帮结派秀姿态,neutral,
36828,	分析人士指出，美国在亚太地区搞“小圈子”外交，加剧地区紧张，严重危害地区安全稳定，也损害地区国家利益，不得人心。,negative,
36834,	张腾军表示，“四国机制”半年举行两次峰会，看似进展顺利，但实质成果寥寥无几，主要原因是各国关心的侧重点不同，投入资源的力度也不同。而且在对华心态上，美国希望将该机制打造为全面对抗中国的“小圈子”，但其他国家并不一定希望与中国激烈对抗。,negative,
36840,	据日本海上自卫队介绍，此次演习的地点是在孟加拉湾。共同社还宣称，日美澳印“四边机制”是为实现“自由开放的印度洋-太平洋”构想，在民间和经济领域推进合作，而此次则通过联合演习加强在安保层面的合作。,positive,
36846,7月12日上午，日本航空自卫队出动4架战机与美军3架飞机在九州以西空域进行“对抗措施”训练。日本防卫省公布日美7架军机编队飞行的画面，声称“联合训练确认了自卫队与美军的即时响应机制，进一步提升了双方遏制力和应对能力”。7月13日，日本4架战机与美军2架轰炸机继续在九州以西空域进行训练。7月16日，日本海上自卫队“摩耶”号、韩国海军“栗谷李珥”号和美国海军“约翰·芬恩”号3艘宙斯盾驱逐舰在日本海举行演习，重点演练联合侦测、追踪对手导弹并共享相关情报等课目。这是继4月17日之后，美日韩3国宙斯盾舰再次在日本海举行反导情报共享方面的联合训练。,positive,
36852,	美国总统拜登、日本首相菅义伟、印度总理莫迪和澳大利亚总理莫里森出席了在白宫举行的这次会晤。在各自的开场讲话中，四人均提到了合作抗击新冠疫情和应对气候变化危机。,positive,
36858,	四国领导人当天还讨论了阿富汗、朝核、缅甸等地区问题。四国同意每年在该机制下举行领导人和外长定期会晤，以“稳定的速度开展必要合作”。(陈孟统),positive,
36864,	“我们敦促美日摒弃冷战思维和意识形态偏见，停止制造‘假想敌’，停止将‘新冷战’思维引入亚太地区，不要做搅乱亚太稳定的逆流祸水。”汪文斌说。,positive,
36870,汪文斌说，台湾问题纯属中国内政，解决台湾问题是中国自己的事。中方坚持以最大诚意、尽最大努力争取两岸和平统一的前景，但绝不接受任何人、任何势力打着和平的幌子干涉中国内政。当前台海和平的最大威胁是“台独”分裂行径和外部势力对其纵容支持。有关国家如果真的关心台海和平稳定，就应该恪守一个中国原则，停止纵容支持“台独”分裂势力及其分裂活动，以实际行动维护地区和平稳定。任何人都不要低估中国人民捍卫国家主权和领土完整的坚强决心、坚定意志和强大能力。,positive,
36876,	其次，加剧军备竞赛，影响地区安全稳定。美日、美韩同盟升级转型，旨在服务美国大国竞争和“印太战略”。为此，美国不断加快推动美日韩军事力量联合运用，给日韩发展军力松绑。凭借经济、科技及军事潜力，韩日有能力在短时间内成为军事强国，且已取得一定“成果”。韩国发布“国防革新4.0”计划和《2023-2027年国防中期计划》，军费年均增长率达到6.8%，还大力强化“韩国型三轴作战体系”建设，加速武器装备研发和列装，并从美采购军备。日本则通过新版《国家安全保障战略》《国家防卫战略》《防卫力量整备计划》等三份安保政策文件，寻求军费翻倍至GDP的2%，进一步加快扩军步伐。近日，日本宣布改装8艘“宙斯盾”舰，以搭载美制“战斧”巡航导弹，军事战略的外向性和进攻性不断凸显。美国利用韩日谋求成为“军事大国”的意图，将两国绑上自己的战车，以此加大对地区国家的战略牵制。,positive,
36882,	冷战时期，为应对苏联威胁，美日形成了“美主日从”的依附型同盟关系。其中，美军充当“矛”，担负进攻作战任务；日本自卫队扮演“盾”，负责向美军提供后勤补给和装备保障。冷战结束后，日本在美日同盟中的地位虽然有所变化，但始终没有打破这一关系格局。,negative,
36888,	以美日同盟为基础，构建小多边遏华联盟。2022年《美国印太战略》报告称，要塑造中国的周边环境，形成有利于美国的影响力均势。在印太战略指引下，美国以美日同盟为基础，积极构建美日韩、美日澳、美日印澳等小多边联盟，密织印太遏华联盟网。特别是美日印澳所谓“四边机制”，已成为美在印太地区从政治、经济、科技等维度遏制中国的主要平台。需要指出的是，为扩大自身影响力，日本在构建“美日+”小多边联盟过程中表现活跃，是所谓“四边机制”的重要推动者。,positive,
36894,	从美日同盟的目的性质看，其根本是为维持美国在亚太地区的霸权，是一个不折不扣的争霸型同盟。纵观历史，争霸型同盟的一个共同特点，是其行为特征具有很强的进攻性和对抗性，是引发地区乃至全球冲突战乱的重要不稳定因素。一战时的同盟国、二战时的轴心国、冷战后的北约，均是如此。,negative,
36900,驻日美军是美国海外驻军中规模最大的部队，在日本拥有88个军事基地。驻日美军司令部设于东京都西部的横田空军基地，司令由美国空军第五航空队司令兼任。目前，驻日美军司令部主要负责与日本政府和自卫队的事务谈判，以及《日美地位协定》运用层面的协调工作等，而驻日美军部队的调动和部署由位于夏威夷的美国印太司令部负责。,neutral,
36906,建立统一指挥机构,neutral,
36912,驻日美军司令部的职权调整，是美国在亚太地区整体布局的“先手棋”。美国以美日同盟为基轴，在亚太地区建立美日韩、美日澳印等多边盟友机制。,positive,
36918,北约“东进亚太”是美国实施“印太战略”的关键一环。本届峰会继去年马德里峰会后，第二次邀请日本、韩国、澳大利亚、新西兰领导人参加所谓“北约+4”会议，体现美国逐步将北约打造为实施美国“印太战略”的机制化平台之一，凸显美国操纵北约加快了“东进亚太”和北约“印太化”的战略布局。拜登政府在基本搭建完成“奥库斯”“美日印澳四边机制”等亚太小多边体系后，正在加力通过北约调动欧洲盟友向“印太”转移战略重心，深度捆绑欧亚盟友，共同为美国实施“印太战略”遏制围堵中国分担成本、减轻压力。自去年开始，北约明显加大与日韩澳新的安全合作力度，通过“量身定制的”伙伴关系计划在网络安全、海上安全、新兴技术、网络和气变等领域开展更密切合作，剑指中国的意味更加浓厚。,positive,
36924,北约“东进亚太”是美国实施“印太战略”的关键一环。本届峰会继去年马德里峰会后，第二次邀请日本、韩国、澳大利亚、新西兰领导人参加所谓“北约+4”会议，体现美国逐步将北约打造为实施美国“印太战略”的机制化平台之一，凸显美国操纵北约加快了“东进亚太”和北约“印太化”的战略布局。拜登政府在基本搭建完成“奥库斯”“美日印澳四边机制”等亚太小多边体系后，正在加力通过北约调动欧洲盟友向“印太”转移战略重心，深度捆绑欧亚盟友，共同为美国实施“印太战略”遏制围堵中国分担成本、减轻压力。自去年开始，北约明显加大与日韩澳新的安全合作力度，通过“量身定制的”伙伴关系计划在网络安全、海上安全、新兴技术、网络和气变等领域开展更密切合作，剑指中国的意味更加浓厚。,positive,
36930,人民网金华11月14日电 （记者张帆）今天，以“推动亚太经济协同发展”为主题的世界城地组织亚太区第九届会员大会在浙江义乌开幕。,neutral,
36936,“今年也是中国加入《东南亚友好合作条约》20周年。”中国—东盟中心秘书长史忠俊为进一步深化合作提出了4点建议：构建开放包容的合作体系，推动高水平的区域经济融合，拓展务实合作新领域，增进民众间友好信任。“义乌可以积极发挥其作为全球最大的小商品集散地的优势，发展优质商品贸易，构建稳定高效的生产供应链。”史忠俊说。,positive,
36942,作为本次大会的举办地，义乌于2017年加入世界城地组织，2019年入选城地组织理事会和执行局成员，2021年成为亚太区旅游委员会31个初始成员城市之一，逐步参与融入了城地组织亚太区。世界城地组织亚太区秘书长博娜蒂娅表示，义乌拥有全球最大的小商品批发市场，与亚太国家地区贸易往来密切，为促进亚太城市交流提供良好的经贸合作平台。借助此次会员大会契机，将共享义乌商贸基础和物流、跨境电商优势，让亚太区成员城市的更多商品进入中国、走向世界，助力促进亚太地区经济复苏和持续繁荣。,positive,
36948,习近平强调，今年以来，中国经济持续回升向好，高质量发展扎实推进，中国仍然是全球增长最大引擎，中国具有社会主义市场经济的体制优势、超大规模市场的需求优势、产业体系配套完整的供给优势、大量高素质劳动者和企业家的人才优势，经济发展具备强劲的内生动力、韧性、潜力。中国经济长期向好的基本面没有变也不会变。我们有信心、更有能力实现长期稳定发展，并不断以中国新发展为世界带来新动力、新机遇。中国坚持敞开大门搞建设，坚定不移推进高水平对外开放，打造市场化、法治化、国际化营商环境的决心不会变，一视同仁为外商投资提供优质服务的政策不会变。中国式现代化的出发点和落脚点是让14亿多中国人过上更加美好的生活，这对世界意味着更加广阔的市场和前所未有的合作机遇，也将为世界现代化注入强大动力。欢迎全球工商界积极参与中国式现代化进程，共享中国高质量发展带来的巨大机遇！,positive,
36954,中华人民共和国主席 习近平,neutral,
36960,女士们、先生们、朋友们！,neutral,
36966,女士们、先生们、朋友们！,neutral,
36972,我想强调，中国经济克服挑战、稳步前行，实现高质量发展，这也是推进中国式现代化的必然要求。中国式现代化的出发点和落脚点是让14亿多中国人民过上更加美好的生活。对世界来说，这意味着更加广阔的市场和前所未有的合作机遇，也将为世界现代化注入强大动力。,positive,
36978,——在亚太经合组织工商领导人峰会上的书面演讲,neutral,
36984,——共同发展是亚太合作的总目标。发展是亚太地区永恒的主题。我们始终聚焦发展，不断深化经济技术合作，增强发展中成员自主发展能力。我们共同开创了自主自愿、协商一致、循序渐进的“亚太经合组织方式”，尊重各成员发展权。过去30年，亚太地区人均收入翻了两番还要多，十亿人口成功脱贫，为人类进步和全球可持续发展作出重要贡献。,positive,
36990,面对新一轮科技革命和产业变革浪潮，我们要着眼长远、把握机遇、乘势而上，推进数字化、智能化、绿色化转型发展，共同强化科技创新和成果转化，推进数字经济和实体经济深度融合。要携手完善全球科技治理，强化科技创新对绿色化数字化转型和可持续发展的支撑，营造开放、公平、公正、非歧视的科技发展环境。,positive,
36996,我们坚持敞开大门搞建设，坚定不移推进高水平对外开放，进一步扩大市场准入，已经宣布全面取消制造业领域外资准入限制措施。近期成功举办了第六届中国国际进口博览会，本月下旬还将举办第二届全球数字贸易博览会，进一步扩大开放，同各国共享发展机遇和红利。中国正在高质量实施《区域全面经济伙伴关系协定》，主动对接《全面与进步跨太平洋伙伴关系协定》和《数字经济伙伴关系协定》高标准经贸规则，积极推动加入两个协定进程，扩大面向全球的高标准自由贸易区网络。今年是我提出共建“一带一路”倡议10周年。上个月，中国成功举办第三届“一带一路”国际合作高峰论坛，形成了458项成果，中国金融机构成立7800亿元人民币的“一带一路”项目融资窗口，中外企业达成972亿美元的商业合作协议，这将推动共建“一带一路”高质量发展，为全球互联互通、促进发展繁荣注入强劲动力。,positive,
37002,	北约是冷战的产物。冷战结束后，北约不仅没有解散，反而走上扩张道路。在美国推动下，北约已进行了5轮东扩。近年来，为实现所谓“全球化”，北约逐步增强在亚太地区的力量投射。其试图通过渲染安全焦虑，将日本、韩国等亚太国家卷入进来，或给亚太地区乃至全球安全带来重大风险，值得高度警惕。,negative,
37008,新华社旧金山11月17日电,neutral,
37014,我们重申决心打造自由、开放、公平、非歧视、透明、包容、可预期的贸易和投资环境。我们也重申以规则为基础、以世界贸易组织为核心的多边贸易体制的重要性，有助于继续推动本地区的快速增长。我们致力于对世界贸易组织进行必要改革，增强其各项职能，包括着眼于2024年前恢复全面、运转良好、所有成员可参与的争端解决机制开展相关讨论。我们呼吁亚太经合组织经济体及时有效落实世界贸易组织协定，重申致力于建设性参与第13届部长级会议，确保会议成功并取得积极成果。,positive,
37020,我们强调，必须为中小微企业和初创企业开辟发展道路，包括通过各种机会提高“专精特新”能力。支持中小微企业拓展区域和全球市场，包括通过融入全球价值链、推动大中小企业融通创新、加快中小微企业数字化转型、鼓励提供“小快轻准”数字化产品和解决方案。,positive,
37026,2023年亚太经合组织领导人旧金山宣言（摘要）,neutral,
37032,我们强调致力于以市场驱动方式推进区域经济一体化，包括推进亚太自由贸易区议程。为此，我们将加强能力建设和技术合作，支持本组织经济体参与地区全面和高质量发展事业。,positive,
37038,我们重申致力于通过促进妇女全面和平等参与经济，发挥领导力，促进经济增长，包括改善妇女获得资金和资产、市场、技能和能力建设、发言权和代表性，以及创新和科技的途径。,positive,
37044,据介绍，经过评审，APAC同行评审组决定推荐CNAS继续保持14项认可制度的互认资格。APAC国际同行评审组以ISO/IEC 17011：2017《合格评定 认可机构要求》为依据，聚焦认可机构资源、过程、管理体系、信息公开等要求，评价CNAS的14项认可制度能否继续维持国际互认资格，包括：校准实验室认可、检测实验室认可、医学实验室认可、检验机构认可、能力验证提供者认可、标准物质/标准样品生产者认可、质量管理体系认可、环境管理体系认可、信息安全管理体系认可、食品安全管理体系认可、职业健康安全管理体系认可、产品认证机构认可（含全球良好农业规范）、温室气体（GHG）审定与核查机构认可（ISO 14065:2013，含CORSIA航空领域温室气体核查机构认可）、审定与核查机构认可（ISO/IEC 17029:2019、ISO 14065:2020）。在完成对CNAS的办公室评审后，同行评审组还对CNAS派出的19个认可评审组的现场评审活动实施了远程见证，覆盖北京、成都、重庆、广州等12个城市。,neutral,
37050,美国拉拢日韩，搞所谓安全合作，实际上是置两国安全于不顾，将两国推向危险境地。事实一再证明，美国的战略重心投向哪里，哪里就不得安宁。贩卖安全焦虑、煽动对立对抗、制造冲突动荡，看看美国通过这套模式在中东、欧洲造成的局面，再看看眼下美国在亚太的所作所为，就不难推断美国用心所在。“维护安全”之说，只是美国通过贩卖安全焦虑拿捏某些国家心理的手段。这种针对他国、损害他国战略安全的危险思维，不仅不会给日韩两国带来真正的“安全感”，反而会推高地区安全风险，制造地区紧张局势，最终受害的还是日韩。不论是朝鲜半岛紧张局势，还是荒谬的所谓“中国威胁论”，实际上都离不开美国的鼓噪和挑动，真正的地区安全威胁其实是美国。《韩民族日报》就发出警告，如果韩国卷入美国鼓动的“新冷战”，半岛周边安全风险将明显增加，韩国的安全态势将变得更不稳定。,negative,
37056,习近平强调，世界进入新的动荡变革期，亚太合作下一个30年将走向何方，成为我们面临的新的时代之问。我们要秉持亚太经合组织初心，推动亚太合作再出发。,positive,
37062,——在亚太经合组织第三十次领导人非正式会议上的讲话,neutral,
37068,中国古人说：“道之所在，虽千万人吾往矣。”我们应该秉持亚太合作初心，负责任地回应时代呼唤，携手应对全球性挑战，全面落实布特拉加亚愿景，建设开放、活力、强韧、和平的亚太共同体，实现亚太人民和子孙后代的共同繁荣。在此，我愿提出几点建议。,positive,
37074,中国坚持走生态优先、绿色发展之路，积极稳妥推进碳达峰碳中和，加快发展方式绿色转型。我们提出亚太经合组织绿色农业、可持续城市、能源低碳转型、海洋污染防治等合作倡议，推动共建清洁美丽的亚太。,positive,
37080,习近平指出，30年前，亚太地区领导人顺应和平和发展的时代潮流，召开了首次亚太经合组织领导人非正式会议，推动亚太发展和经济全球化进入快车道，助力亚太成为世界经济增长中心、全球发展稳定之锚。30年来，我们秉持开放的区域主义，开放包容、取长补短、互通有无，聚焦发展，开创了自主自愿、协商一致、循序渐进的“亚太经合组织方式”，弘扬和而不同、求同存异、和衷共济的伙伴精神。亚太合作的非凡历程带给我们许多深刻启示。,positive,
37086,宣言称，亚太经合组织致力于对世界贸易组织进行必要改革，增强其各项职能，包括着眼于2024年前恢复全面、运转良好、所有成员可参与的争端解决机制开展相关讨论。,positive,
37092,谱写亚太合作新篇章,positive,
37098,——开放包容是亚太合作的主旋律。亚太发展靠的是开放包容、取长补短、互通有无，而不是对立对抗、以邻为壑、“小院高墙”。我们秉持开放的区域主义，共同制定了茂物目标和布特拉加亚愿景，推进贸易和投资自由化便利化，提升区域经济一体化水平。过去30年，亚太地区平均关税水平从17%下降至5%，对世界经济增长的贡献达到七成。,positive,
37104,亚太繁荣发展的历程表明，唯有合作才能发展，不合作是最大的风险，搞“脱钩断链”对谁都没好处。我们要坚持开放的区域主义，坚定不移推进亚太自由贸易区进程，尊重经济规律，发挥各自比较优势，促进各国经济联动融通，加强相关区域经贸协定和发展战略对接，打造合作共赢的开放型亚太经济。,positive,
37110,中国深入贯彻创新、协调、绿色、开放、共享的新发展理念，坚定不移推进高质量发展，经济增长的含金量更高、绿色成色更浓。近年来，中国新能源汽车、锂电池、光伏产品“新三样”出口快速增长，即将启动的全国温室气体自愿减排交易市场将创造巨大的绿色市场机遇。我们将加快推进现代化产业体系建设，为各类经营主体共享发展成果提供更好制度性保障，不断培育新的增长动能、释放更大发展空间。,positive,
37116,谢谢大家。,neutral,
37122,很高兴应邀出席亚太经合组织工商领导人峰会。多年前我曾到访旧金山，这座美丽城市的开放、包容、创新给我留下深刻印象。,positive,
37128,世界进入新的动荡变革期，世界经济增长动能不足，不稳定、不确定、难预料因素增多。亚太合作下一个30年将走向何方，成为我们面临的新的时代之问。“万物得其本者生，百事得其道者成。”我们要秉持亚太经合组织初心，牢记历史赋予我们的使命，推动亚太合作再出发。,positive,
37134,今年以来，中国经济持续回升向好，增速在全球主要经济体中保持领先，高质量发展扎实推进。中国仍然是全球增长最大引擎，今年对全球经济增长的贡献将达到三分之一。正如工商界朋友所言，中国已经成为最佳投资目的地的代名词，下一个“中国”，还是中国，欢迎各国工商界朋友们继续投资中国、深耕中国！,positive,
37140,女士们、先生们、朋友们！,neutral,
37146,我们要共同维护联合国宪章宗旨和原则，坚持对话而不对抗、结伴而不结盟的国与国交往之道，维护亚太繁荣稳定。亚太不能也不应该沦为地缘博弈的角斗场，更不能搞“新冷战”和阵营对抗。要坚持开放的区域主义，坚定不移推进亚太自由贸易区进程，促进各国经济联动融通，打造合作共赢的开放型亚太经济。要推进数字化、智能化、绿色化转型发展，强化科技创新和成果转化，推进数字经济和实体经济深度融合，携手完善全球科技治理，营造开放、公平、公正、非歧视的科技发展环境。,positive,
37152,我们必须利用技术和经济进步，继续释放本地区的巨大潜力和活力，促进经济增长，应对包括气候变化在内的所有环境挑战。《旧金山宣言》中的承诺建立在以往亚太经合组织东道主工作基础之上，推动本地区将韧性、可持续性、互联互通、创新和包容性纳入优先事项，共同应对最紧迫的经济挑战。亚太经合组织的宗旨和工作都遵循《2040年亚太经合组织布特拉加亚愿景》和《奥特奥罗亚行动计划》的指引，致力于2040年建成开放、活力、强韧、和平的亚太共同体，实现所有人民和子孙后代的共同繁荣。,positive,
37158,我们致力于充分落实《亚太经合组织2030年粮食安全路线图》，使我们的农业和粮食系统更加强韧、高产、创新、可持续，同时认识到在促进农业可持续性方面没有统一的解决方案。我们重申致力于农业、林业、海洋、渔业资源的可持续管理。我们重申农业生产力、国际贸易、节粮减损对实现粮食安全的重要性，将加倍努力实现粮食安全和营养。,positive,
37164,我们共同致力于加强亚太经合组织领导作用，维护其作为地区重要经济合作论坛的地位。我们期待秘鲁、韩国和越南分别于2024年、2025年和2027年担任亚太经合组织东道主，支持未来东道主工作。,positive,
37170,很高兴同大家相聚在美丽的旧金山。这是亚太经合组织领导人第三十次聚首，具有特殊重要意义。感谢拜登总统和美国政府为这次会议作出的周到安排。,neutral,
37176,第二，坚持开放导向。亚太发展的经验告诉我们，开放则兴，封闭则衰。我们要维护自由开放的贸易投资，支持并加强以世界贸易组织为核心的多边贸易体制，维护全球产业链供应链稳定畅通，反对将经贸问题政治化、武器化、泛安全化。要坚定不移推进区域经济一体化，加快推进亚太自由贸易区进程，全面落实《亚太经合组织互联互通蓝图》，共享区域开放发展机遇。,positive,
37182,中国正在以中国式现代化全面推进强国建设、民族复兴伟业。中国坚持走和平发展道路，发展的根本目的是让中国人民过上好日子，不是要取代谁。今年是中国改革开放45周年，我们将坚持高质量发展，推进高水平对外开放，以中国式现代化为推动实现世界各国的现代化提供新机遇。我愿同各位同事一道努力，推动亚太合作取得更多丰硕成果，共同打造亚太下一个“黄金三十年”！,positive,
37188,（2023年11月17日，旧金山）,neutral,
37194,第一，坚持创新驱动。创新是发展的强大动力。我们要顺应科技发展趋势，以更加积极姿态推动科技交流合作，携手打造开放、公平、公正、非歧视的科技发展环境。要加速数字化转型，缩小数字鸿沟，加快落实《亚太经合组织互联网和数字经济路线图》，支持大数据、云计算、人工智能、量子计算等新技术应用，不断塑造亚太发展新动能新优势。,positive,
37200,第四，坚持普惠共享。当前，全球发展事业面临严峻挑战，发展鸿沟加剧。我多次讲，大家一起发展才是真发展。我们要全面落实联合国2030年可持续发展议程，推动发展问题重回国际议程中心位置，深化发展战略对接，共同解决全球发展赤字。欢迎各方积极参与全球发展倡议，深化减贫、粮食安全、工业化、发展筹资等领域合作，构建全球发展共同体，让各国人民共享现代化建设成果。中国将继续支持亚太经合组织开展经济技术合作，共同做大亚太发展蛋糕。,positive,
37206,——在亚太经合组织第三十次领导人非正式会议上的讲话,neutral,
37212,中国古人说：“道之所在，虽千万人吾往矣。”我们应该秉持亚太合作初心，负责任地回应时代呼唤，携手应对全球性挑战，全面落实布特拉加亚愿景，建设开放、活力、强韧、和平的亚太共同体，实现亚太人民和子孙后代的共同繁荣。在此，我愿提出几点建议。,neutral,
37218,中国坚持走生态优先、绿色发展之路，积极稳妥推进碳达峰碳中和，加快发展方式绿色转型。我们提出亚太经合组织绿色农业、可持续城市、能源低碳转型、海洋污染防治等合作倡议，推动共建清洁美丽的亚太。,positive,
37224,	这是韩日领导人时隔50多天再次见面。然而，日方无意就历史问题道歉，韩方对日政策缺乏国内共识，两国关系改善前景难言乐观。,negative,
37230,	在韩国总统府前的集会现场，民众手持“停止构建韩美日同盟”“停止对日屈辱外交”“立即撤回核污染水排海计划”等标语。他们要求日本政府对二战期间的殖民统治进行道歉并给予赔偿，强烈呼吁停止扩大韩美日三方军事合作，共同维护地区和平稳定。,negative,
37236,美日打算盘 韩国忙迎合,neutral,
37242,	《韩民族日报》刊发以《向岸田贩卖“历史”，向拜登贩卖“和平”，没有外交的一年》为题的文章指出，尹锡悦政府执政一年以来的外交安保政策“失去的是历史与和平，得到的是老旧的理念”。（记者：于荣、周思雨、杨畅、郭丹；编辑：闫珺岩、陈丹、刘健、李雪笛、孙浩、王丰丰、王申、鲁豫；视频：王沛）,negative,
37248,第三，坚持绿色发展。要坚持人与自然和谐共生，加快推动发展方式绿色低碳转型，协同推进降碳、减污、扩绿、增长，厚植亚太增长的绿色底色。中国坚持走生态优先、绿色发展之路，积极稳妥推进碳达峰碳中和。我们提出亚太经合组织绿色农业、可持续城市、能源低碳转型、海洋污染防治等合作倡议，推动共建清洁美丽的亚太。,positive,
37254,摄影：新华社记者 李学仁,neutral,
37260,第三，坚持绿色发展。要坚持人与自然和谐共生，加快推动发展方式绿色低碳转型，协同推进降碳、减污、扩绿、增长，厚植亚太增长的绿色底色。中国坚持走生态优先、绿色发展之路，积极稳妥推进碳达峰碳中和。我们提出亚太经合组织绿色农业、可持续城市、能源低碳转型、海洋污染防治等合作倡议，推动共建清洁美丽的亚太。,positive,
37266,当地时间11月17日上午，亚太经合组织第三十次领导人非正式会议在美国旧金山莫斯科尼中心举行。国家主席习近平出席会议并发表题为《坚守初心 团结合作 携手共促亚太高质量增长》的重要讲话。,neutral,
37272,第四，坚持普惠共享。要全面落实联合国2030年可持续发展议程，推动发展问题重回国际议程中心位置，深化发展战略对接，共同解决全球发展赤字。欢迎各方积极参与全球发展倡议，深化减贫、粮食安全、工业化、发展筹资等领域合作，构建全球发展共同体，让各国人民共享现代化建设成果。中国将继续支持亚太经合组织开展经济技术合作，共同做大亚太发展蛋糕。,positive,
37278,新华社旧金山11月17日电（记者倪四义 刘华）当地时间11月17日上午，亚太经合组织第三十次领导人非正式会议在美国旧金山莫斯科尼中心举行。国家主席习近平出席会议并发表题为《坚守初心 团结合作 携手共促亚太高质量增长》的重要讲话。,neutral,
37284,第四，坚持普惠共享。要全面落实联合国2030年可持续发展议程，推动发展问题重回国际议程中心位置，深化发展战略对接，共同解决全球发展赤字。欢迎各方积极参与全球发展倡议，深化减贫、粮食安全、工业化、发展筹资等领域合作，构建全球发展共同体，让各国人民共享现代化建设成果。中国将继续支持亚太经合组织开展经济技术合作，共同做大亚太发展蛋糕。,positive,
37290,新华社记者,neutral,
37296,“这充分体现了中国的大国担当，必将获得世界各国普遍欢迎和认可。”俄罗斯-亚洲工业家和企业家联盟主席曼克维奇指出，亚太地区对世界具有特殊意义，其未来发展方向尤为关键。布特拉加亚愿景的落实将对世界产生重要影响，实现其宏伟目标需要坚持对话、彼此尊重、相互理解、互利共赢。“很高兴看到，这得到了亚太地区的广泛支持。”,positive,
37302,“中国在科技创新发展方面具有非常强的优势。”新加坡国立大学李光耀公共政策学院副教授顾清扬说，“中国持续成为全球经济增长的主要贡献者，不断涌现的创新成果和不断完善的现代化生产体系，已成为中国高质量发展的代表性进展，必将进一步推动全球高质量发展。”,positive,
37308,从助力老挝实现“陆锁国”变“陆联国”梦想的中老铁路，到跑出东南亚“最快速度”、让印度尼西亚迈入“高铁时代”的雅万高铁，从中国和马来西亚的“两国双园”加快构建跨境产业链供应链价值链，到泰国鲁班工坊多年来为泰国及地区国家源源不断培养青年技能人才……中国始终以实际行动坚持普惠共享，坚持大家一起发展才是真发展。,positive,
37314,阿根廷拉普拉塔国立大学中国研究中心研究员塞巴斯蒂安·舒尔茨认为，中国对世界发展繁荣的贡献有目共睹，中国式现代化为发展中国家寻找适合自己国情的现代化道路提供了借鉴，习近平主席的讲话再次表明中国致力于与世界分享发展机遇和有益经验。,positive,
37320,新华社北京11月18日电 题：弘扬亚太合作初心 领航繁荣进步新程——习近平主席在亚太经合组织第三十次领导人非正式会议上的讲话引发国际社会热烈反响,neutral,
37326,阿万表示，亚太地区始终走在全球开放发展的前沿，而中国更是区域经济发展的重要引擎。习近平主席的讲话再次彰显过去十年来中国在共建“一带一路”实践中秉持的原则与精神，为下一步亚太地区深化合作指明方向，为亚太地区未来发展描绘蓝图。,positive,
37332,墨西哥城自治大学国际政治研究员爱德华多·齐利对习近平主席提出的“坚持创新驱动”非常赞同。他说，中国在全球科学、技术和创新领域位居前列，这离不开公共政策推动，尤其是在研发和新兴产业发展方面的重视与投入。“我们期待能在新兴产业等领域同中国开展更多对话。”,neutral,
37338,新西兰亚太经合组织工商咨询理事会成员布雷特·赖利曾多次到访中国，对中国在绿色发展领域取得的成就印象深刻。“中国的新能源发展正在迅速改变交通工具的能源系统。我认为，新西兰在节能领域与中国会有广阔的合作空间。”,positive,
37344,“习近平主席在讲话中再次指明亚太地区团结合作的重要性。”匈牙利萨佐德韦格研究所政治分析中心主任基塞伊·佐尔坦对此感触颇深，“中国坚持高质量发展，推进高水平对外开放，不仅将为亚太地区走向更美好的未来创造有利环境，也将为世界其他地区国家提供巨大机遇。”,positive,
37350,亚太经合组织第三十次领导人非正式会议即将举行。当前，亚太地区局势总体稳定，区域合作不断取得进展，和平发展、合作共赢是主流。与此同时，世界进入新的动荡变革期，地缘政治紧张与经济格局演变叠加，冲击亚太地区发展环境和合作架构。站在新的十字路口，亚太合作能否坚守初心，坚持正确方向，坚定朝着构建亚太命运共同体目标迈进，关乎世界和平与发展，考验地区各方的智慧与担当。,positive,
37356,进一步加强亚太经合组织合作，应当坚持既定目标。亚太经合组织各成员在初步实现茂物目标基础上，已经通过2040年愿景，提出建成开放、活力、强韧、和平的亚太共同体目标，为未来一个时期亚太经济合作提供了重要指引。目标既然明确，就应起而行之。各成员应不断深化亚太经合组织框架内合作，推进亚太自由贸易区进程，落实布特拉加亚愿景。刻意稀释“亚太”概念，试图摒弃地区行之有效的合作架构另起炉灶，只会让亚太合作偏离正轨，给地区发展增添障碍。,negative,
37362,近年来，亚太发展面临的最大风险是个别国家蓄意在地区制造分裂、挑起对抗。冷战思维、霸权主义、单边主义、保护主义上升，对亚太和平发展的冲击正逐步显现。升级地缘博弈的举动加剧地区安全赤字，挑动分裂对抗的言行销蚀合作基础，“泛安全化”做法给正常经济合作横添梗阻。,negative,
37368,国际货币基金组织近日发布《亚太地区经济展望报告》预测，2023年亚太地区全年经济增长率有望达到4.6%，将对世界经济增长作出约2/3的贡献。这再次表明，亚太是全球最具增长活力和发展潜力的经济板块，是世界经济增长的重要引擎。,positive,
37374,大时代需要大格局，大格局需要大智慧。只要亚太各方认清世界大势，勇担时代责任，坚持成功经验，坚守合作初心，坚定朝着构建亚太命运共同体目标迈进，就一定能不断造福地区人民，为世界和平发展注入更多亚太力量。,positive,
37380,本报曼谷11月17日电  （记者杜尚泽、任彦）当地时间11月17日下午，国家主席习近平应邀在曼谷举行的亚太经合组织工商领导人峰会上发表题为《坚守初心  共促发展  开启亚太合作新篇章》书面演讲（全文见第二版），强调中国将坚定不移推动构建亚太命运共同体，为亚太稳定繁荣作出更多贡献。,positive,
37386,第一，筑牢和平发展的根基。遵循联合国宪章的宗旨和原则，树立共同、综合、合作、可持续的安全观，共同反对冷战思维和阵营对抗，搭建亚太安全架构。,neutral,
37392,习近平深入阐释了中国式现代化的基本特征和本质要求，指出中国14亿多人口实现现代化将是人类发展史上前所未有的大事。中国将坚持以人民为中心，使中等收入群体在未来15年超过8亿，推动超大规模市场不断发展。中国将继续推进全体人民共同富裕，加大对全球发展合作的资源投入，推进落实全球发展倡议，构建全球发展共同体。中国将不断提高人民物质生活和精神生活水平，弘扬全人类共同价值，为世界文明朝着平衡、积极、向善的方向发展提供助力。中国将促进经济社会发展全面绿色转型，共同构建人与自然生命共同体。中国在坚定维护世界和平与发展中谋求自身发展，又以自身发展更好维护世界和平与发展。,positive,
37398,——在亚太经合组织工商领导人峰会上的书面演讲,neutral,
37404,	当前，亚太地区局势总体稳定，区域合作不断取得进展，和平发展、合作共赢是主流。同时，世界进入新的动荡变革期，地缘政治紧张与经济格局演变叠加，冲击亚太地区发展环境和合作架构。新冠肺炎疫情反复延宕，世界经济下行压力增大、衰退风险上升，粮食、能源、债务多重危机同步显现，不少国家经济社会发展遇到较大困难，各种不稳定不确定因素增多，冷战思维、霸权主义、单边主义、保护主义上升，扭曲国际准则、打断经济联系、纵容地区冲突、阻碍发展合作的行为屡见不鲜，对亚太和平与发展构成严重挑战。,negative,
37410,	——我们要走和衷共济之路。“亚太奇迹”是靠大家携手奋斗、爬坡过坎创造的。长期以来，亚太地区秉持大家庭精神，坚持同舟共济、共克时艰，化解各种风险，在世界经济大潮中破浪前行，在合作中形成共同体意识，成为实现不断发展的深厚根基。,positive,
37416,	第三，打造更高水平的开放格局。我们要深化亚太经合组织框架内合作，推进亚太自由贸易区进程，落实布特拉加亚愿景。要全面深入参与世贸组织改革，推动《区域全面经济伙伴关系协定》、《全面与进步跨太平洋伙伴关系协定》、《数字经济伙伴关系协定》相互衔接，构建开放型亚太经济。,neutral,
37422,	前不久，中国共产党成功举行第二十次全国代表大会，对当前和今后一个时期国家发展作出总体规划和部署，强调要全面推进中国式现代化。,neutral,
37428,	——中国人民最希望看到的是和平稳定。走和平发展道路是根据中国人民根本利益作出的战略抉择。我们坚定站在历史正确的一边，高举和平、发展、合作、共赢旗帜，在坚定维护世界和平与发展中谋求自身发展，又以自身发展更好维护世界和平与发展。,positive,
37434,力推“印太战略”,neutral,
37440,嵌套层层“小圈子”,neutral,
37446,	威胁亚太和平,negative,
37452,APPPC执行秘书Yubak在致辞中强调，在化学农药作业方面，我们面临着诸多难题，而错误的化学农药施用，不仅可能会造成农药有效利用率低下，甚至影响人畜健康安全。因此，植保无人机应用和农药的技术创新等非常关键。新技术所带来的成果将有力地促进亚太区域农业的可持续发展。同时，Yubak对中国在本次培训班的专业授课及热情服务等表示衷心感谢，给予高度评价，并希望亚太区域各成员国之间能够相互学习，共同推进农业技术创新，为亚太区域农业建设和发展注入新的活力。,positive,
37458,亚太经合组织是怎么来的？这个亚太地区层级最高、领域最广、最具影响力的经济合作机制是怎么运行的？我们来一图读懂——,neutral,
37464,摄影：宋晓刚 罗晓光 戚恒,neutral,
37470,纽因·乔奇亚西普表示，中国在发展数字经济、构建数字社会等领域取得了显著成效，希望与中方深化数字能力建设交流，推动泰中数字合作取得新成果。亚太经合组织数字经济指导组在促进亚太地区数字化转型和共同发展，弥合数字鸿沟上发挥了重要作用。,positive,
37476,统筹：齐紫剑 闫珺岩 蒋国鹏,neutral,
37482,要把一个什么样的亚太带到本世纪中叶？如何打造亚太发展的下一个“黄金三十年”？在这一进程中如何更好发挥亚太经合组织作用？,neutral,
37488,新华社北京11月18日电,neutral,
37494,	今年会议主题是“开放、联通、平衡”。对此，江盖表示，新冠疫情和地缘政治紧张局势的影响持续存在，亚太经合组织经济体应坚持开放和包容原则，避免政治干扰，促进自由贸易和包括数字基础设施在内的互联互通。,positive,
37500,	据江盖介绍，泰方作为轮值主席将向会议提交三个紧急议题——应对通货膨胀、粮食安全和气候变化。这些都是当前全球面临的共同挑战。江盖说，希望亚太经合组织经济体合力解决这些挑战。,neutral,
37506,	澳大利亚国立大学克劳福德公共政策学院教授宋立刚说，当前全球许多国家和地区经济都增长乏力，通胀压力很大，发展中国家面临的挑战也非常大，中国推进高水平对外开放为世界经济复苏释放了积极信号。,positive,
37512,当下，国际局势变乱交织，中美关系也处于关键十字路口。习近平主席的此次行程吸引全球高度关注：中美两国关系将在元首外交引领下获得怎样的前行动力，中国将为亚太地区的发展繁荣作出哪些新贡献，中国式现代化将为世界现代化提供哪些启示。,neutral,
37518,在巴厘岛会晤中，习近平主席强调，“当前形势下，中美两国共同利益不是减少了，而是更多了”。中美不冲突、不对抗、和平共处，这是两国最基本的共同利益。中美两国经济深度融合，面临新的发展任务，需要从对方发展中获益，这也是共同利益。全球经济疫后复苏、应对气候变化、解决地区热点问题也离不开中美协调合作，这还是共同利益。,neutral,
37524,中美关系基础在民间，希望在人民，未来在青年，活力在地方。从多位美企高管接连来华，到“鼓岭缘”中美民间友好论坛举办，从美国飞虎队代表团来华重温历史、共叙友谊，到第五届中美友城大会成功举行……中美两国人民双向奔赴，汩汩善意和深情厚谊为中美友好合作注入源源不断的动力。,positive,
37530,埃及外事委员会成员赫芭·贾迈勒表示，中美关系近年出现的波折不是各国希望看到的，“中美携手同行有利于两国，也将造福世界”。,positive,
37536,作为亚太地区重要经济体，中国一直积极参与亚太经合组织合作。在亚太经合组织领导人非正式会议上，习近平主席多次从宏阔时空维度剖析人类重大挑战，倡导真正的多边主义，坚持开放的区域主义，点亮全球治理的“亚洲时刻”，为时代之问提供中国答案，为国际社会带来宝贵信心。中国理念、中国方案得到亚太经合组织成员广泛认可。,positive,
37542,从启用中国-太平洋岛国应对气候变化合作中心，到与泰国建设诗琳通大坝综合浮体光伏项目，再到与老挝打造万象赛色塔低碳示范区，中国与地区国家共同致力于绿色转型，促进可持续发展。,positive,
37548,这是在北京市北土城路附近拍摄的“一带一路”国际合作高峰论坛景观布置（2023年10月16日摄）。第三届“一带一路”国际合作高峰论坛于10月17日至18日在北京举行。新华社记者 陈斌 摄,neutral,
37554,泰国正大管理学院中国-东盟研究中心主任汤之敏说，希望中国继续分享现代化的资源要素、市场平台、实践经验和思想理念，以便各国汲取中国式现代化经验，在共同发展中实现共同繁荣。,positive,
37560,巴西中国问题研究中心主任罗尼·林斯表示，期待中国领导人在此次会议上继续提出重要主张，推动建设和平稳定、包容开放的亚太地区，进而为全球可持续发展作出“亚太贡献”。,positive,
37566,统筹：王洁、郜新鑫,neutral,
37572,	红、绿、蓝3种颜色交织的竹条之间有21个开口，象征亚太经合组织21个成员经济体之间的紧密合作——泰国传统竹编器皿“插隆”化身2022年亚太经合组织会议会徽，向世界传递着亚太携手同行、共创未来的美好愿望。,positive,
37578,	“安危不贰其志，险易不革其心。”越是面对困难和挑战，越应坚守合作初心，不断深化亚太经济合作，不断提升人民福祉，才能共同书写亚太地区繁荣发展的新篇章。,positive,
37584,	从筑牢和平发展的根基，到坚持以人民为中心的发展理念；从打造更高水平的开放格局，到实现更高层次的互联互通；从打造稳定畅通的产业链供应链，到推进经济优化升级，这六点倡议，因应时代挑战，契合亚太各国求和平、谋发展的愿望，为亚太地区加强合作、共同发展指引了方向。,positive,
37590,	这是2022年10月4日在泰国猜也蓬府拍摄的由中国金风科技提供的风力发电机（无人机照片）。新华社发（塔纳摄）,neutral,
37596,	在此次书面演讲中，习近平主席全面系统论述中国式现代化的世界意义，为全球发展和人类文明进步注入信心与力量。,positive,
37602,	“在坚定维护世界和平与发展中谋求自身发展，又以自身发展更好维护世界和平与发展。”中国式现代化是走和平发展道路的现代化。美国巴德学院高级研究员彭润年从中发现中国发展壮大的和平底色：中国式现代化没有涉及殖民、帝国主义和剥削其他国家，这是一个巨大成就，颠覆了人们对现代化的固定思维，即所有现代化都导向西方现代化的单一模式。,positive,
37608,——在亚太经合组织第二十九次领导人非正式会议上的讲话,neutral,
37614,	现在，世界又一次站在历史的十字路口，亚太地位更加重要、作用更加突出。,positive,
37620,	各位同事！,neutral,
37626,	5月21日，民众聚集在日本广岛袋町公园，抗议七国集团峰会。新华社记者张笑宇摄,negative,
37632,为未来战争服务,neutral,
37638,报道称，美空军正考虑将“机动卫士”转变为年度演习，并在亚太地区常态化举行。近段时间，美国不断拉拢盟友和伙伴国家，在亚太地区进行多边或双边军事演习。过去一个月，美国与韩国进行“协同火力剿敌”实弹演习，与日本、澳大利亚和加拿大举行“高贵狂犬”海上演习，与日本举行“弹性盾牌”防空演习等。这些演习的内容和频次，已超出正常的国土防卫需求，引起周边国家的担忧。,negative,
37644,亚太经合组织第三十次领导人非正式会议17日在美国旧金山举行。国家主席习近平出席会议并发表重要讲话，呼吁亚太地区领导人深入思考亚太发展的时代之问，携手应对全球性挑战，共同打造亚太下一个“黄金三十年”。,positive,
37650,新华社北京11月18日电 题：共同应答亚太发展“三问”,neutral,
37656,中国的发展受益于亚太，也用自身发展回馈亚太、造福亚太。中国将坚持高质量发展，推进高水平对外开放，以中国式现代化为推动实现世界各国的现代化提供新机遇。,positive,
37662,中国是亚太地区最重要的经济体之一，经济增长潜能巨大，为促进地区经济增长作出重要贡献。亚洲开发银行发布的《2023年亚洲经济一体化报告》显示，中国对亚太地区的经济增长贡献率达64.2%，并且贡献了亚太地区37.6%的货物贸易增长和44.6%的服务贸易增长。中方坚定推动深化互信、包容、合作、共赢的亚太伙伴关系，建设和平稳定、共同富裕、清洁美丽、守望相助的亚太，为亚太和全球发展繁荣带来新机遇、增添新动力。,positive,
37668,要把一个什么样的亚太带到本世纪中叶？如何打造亚太发展的下一个“黄金三十年”？在这一进程中如何更好发挥亚太经合组织作用？,neutral,
37674,“知者不惑，仁者不忧，勇者不惧。”面对时代挑战，中国愿与各方携手共进，推动亚太合作取得更多丰硕成果，朝着建设开放、活力、强韧、和平的亚太共同体目标不断努力，实现亚太人民和子孙后代的共同繁荣。,positive,
37680,习近平主席深刻指出，中美两个大国不打交道是不行的，想改变对方是不切实际的，冲突对抗的后果是谁都不能承受的。中美是选择加强团结合作，还是挑动阵营对抗，将决定人类前途和地球未来。美方必须认真思考中美两国到底是伙伴还是对手这个根本性问题，做出正确历史选择。习近平主席指出，这次旧金山会晤，双方应设立新的愿景：一是共同树立正确认知，希望两国做伙伴，相互尊重、和平共处；二是共同有效管控分歧，了解彼此的原则底线，不折腾、不挑事、不越界，多沟通、多对话、多商量，冷静处理分歧和意外；三是共同推进互利合作，充分用好在外交、经济、金融、商务、农业等领域恢复或建立的机制，开展禁毒、司法执法、人工智能、科技等领域合作；四是共同承担大国责任，加强在国际和地区问题上的协调合作，向全球提供更多公共产品，协调对接彼此提出的倡议；五是共同促进人文交流，鼓励和支持两国人民多来往、多沟通。这“五个共同”为中美关系浇筑了五根支柱，开辟了面向未来的“旧金山愿景”。,positive,
37686,二、汇聚两国人民力量,neutral,
37692,王毅说，APEC是亚太地区层级最高、领域最广、最具影响力的经济合作平台。30年前，APEC领导人非正式会议机制在美国西雅图扬帆起航，助力亚太成为世界经济增长中心、全球发展稳定之锚。30年后，习近平主席在美国西海岸重温APEC机制初心，再次为亚太合作指明方向、擘画蓝图。,positive,
37698,习近平主席指出，中国经济持续回升向好，增速在全球主要经济体中保持领先，仍然是全球增长最大引擎，今年对全球经济增长的贡献将达到三分之一，发出中国经济光明论的最强音。习近平主席强调，中国具有社会主义市场经济的体制优势、超大规模市场的需求优势、产业体系配套完整的供给优势、大量高素质劳动者和企业家的人才优势，权威论述了中国经济增长的内在逻辑和强大韧性。习近平主席以生动的事例阐释中国坚定不移推进高质量发展和高水平对外开放，从举办第三届“一带一路”国际合作高峰论坛的空前盛况，到不久前举办第六届中国国际进口博览会的红火场景，描绘了中国敞开大门搞建设，经济增长含金量更高、绿色成色更浓的活力画卷。习近平主席强调，无论国际形势如何变化，中国打造市场化、法治化、国际化营商环境的决心不会变，一视同仁为外商投资提供优质服务的政策不会变。习近平主席宣布中国将举办第二届全球数字贸易博览会，还宣布中国将进一步缩减外商投资准入负面清单，全面保障外商投资企业国民待遇，促进数据依法有序自由流动。习近平主席“两个不会变”表态和一系列重大政策宣示铿锵有力，传递出中国高水平对外开放的强烈信号，提振了各方继续对华合作的信心。美商务部长雷蒙多和商界领袖纷纷表示，美国欢迎一个稳定、繁荣的中国，同中国的经贸合作为美国创造了大量就业机会，美国企业对中国市场抱有浓厚兴趣，美方致力于同中国发展长期稳定关系。,positive,
37704,本届年会由亚太传播学会联盟与亚洲舆论学会联合举办，由清华大学新闻与传播学院、《全球传媒学刊》承办。清华大学原党委常委、副书记韩景阳，清华大学新闻与传播学院院长周庆安，亚太新闻传播学会联盟主席、清华大学新闻与传播学院教授陈昌凤，亚洲舆论学会会长、菲律宾圣保罗大学教授简媞玛·科考，中国新闻史学会会长、中国人民大学新闻学院副院长王润泽等致欢迎辞。,neutral,
37710,	要走和衷共济之路。长期以来，亚太地区坚持同舟共济、共克时艰，在合作中形成共同体意识，成为实现不断发展的深厚根基。要加强合作，互相支持，互相帮助，推动亚太经济走在世界经济复苏前列。,positive,
37716,	第五，打造稳定畅通的产业链供应链。遵循经济规律，坚持市场原则，打造便利、高效、安全的亚太产业链供应链。共同反对单边主义、保护主义。,neutral,
37722,当下，国际局势变乱交织，中美关系也处于关键十字路口。习近平主席的此次行程吸引全球高度关注：中美两国关系将在元首外交引领下获得怎样的前行动力，中国将为亚太地区的发展繁荣作出哪些新贡献，中国式现代化将为世界现代化提供哪些启示。,neutral,
37728,在巴厘岛会晤中，习近平主席强调，“当前形势下，中美两国共同利益不是减少了，而是更多了”。中美不冲突、不对抗、和平共处，这是两国最基本的共同利益。中美两国经济深度融合，面临新的发展任务，需要从对方发展中获益，这也是共同利益。全球经济疫后复苏、应对气候变化、解决地区热点问题也离不开中美协调合作，这还是共同利益。,positive,
37734,中美关系基础在民间，希望在人民，未来在青年，活力在地方。从多位美企高管接连来华，到“鼓岭缘”中美民间友好论坛举办，从美国飞虎队代表团来华重温历史、共叙友谊，到第五届中美友城大会成功举行……中美两国人民双向奔赴，汩汩善意和深情厚谊为中美友好合作注入源源不断的动力。,positive,
37740,埃及外事委员会成员赫芭·贾迈勒表示，中美关系近年出现的波折不是各国希望看到的，“中美携手同行有利于两国，也将造福世界”。,positive,
37746,作为亚太地区重要经济体，中国一直积极参与亚太经合组织合作。在亚太经合组织领导人非正式会议上，习近平主席多次从宏阔时空维度剖析人类重大挑战，倡导真正的多边主义，坚持开放的区域主义，点亮全球治理的“亚洲时刻”，为时代之问提供中国答案，为国际社会带来宝贵信心。中国理念、中国方案得到亚太经合组织成员广泛认可。,positive,
37752,从启用中国-太平洋岛国应对气候变化合作中心，到与泰国建设诗琳通大坝综合浮体光伏项目，再到与老挝打造万象赛色塔低碳示范区，中国与地区国家共同致力于绿色转型，促进可持续发展。,positive,
37758,这是在北京市北土城路附近拍摄的“一带一路”国际合作高峰论坛景观布置（2023年10月16日摄）。第三届“一带一路”国际合作高峰论坛于10月17日至18日在北京举行。新华社记者 陈斌 摄,neutral,
37764,泰国正大管理学院中国-东盟研究中心主任汤之敏说，希望中国继续分享现代化的资源要素、市场平台、实践经验和思想理念，以便各国汲取中国式现代化经验，在共同发展中实现共同繁荣。,positive,
37770,巴西中国问题研究中心主任罗尼·林斯表示，期待中国领导人在此次会议上继续提出重要主张，推动建设和平稳定、包容开放的亚太地区，进而为全球可持续发展作出“亚太贡献”。,positive,
37776,统筹：王洁、郜新鑫,neutral,
37782,中国的开放和发展与亚太紧密相连，中国始终是亚太区域经济合作的坚定支持者和积极推动者，将自身发展与区域发展紧密结合，以自身对外开放带动区域整体开放。2013年以来，习近平主席在亚太经合组织平台上，始终强调开放包容、合作共赢，推动亚太合作朝着正确方向前进——,positive,
37788,“维护国际公平正义，建设和平稳定的亚太”“坚持开放包容，建设共同富裕的亚太”“坚持绿色低碳发展，建设清洁美丽的亚太”“坚持命运与共，建设守望相助的亚太”。2022年，习近平主席提出关于亚太未来发展与合作的重大主张，为亚太经合组织树立起共建亚太命运共同体、再创区域合作新辉煌的行动路标。,positive,
37794, “中国发展离不开亚太，亚太繁荣也离不开中国”,positive,
37800,从2014年亚太经合组织领导人北京会议上推动启动亚太自由贸易区进程，到积极推进加入《全面与进步跨太平洋伙伴关系协定》（CPTPP）和《数字经济伙伴关系协定》（DEPA），再到与东盟积极推进中国—东盟自贸区3.0版建设，中国一步一个脚印，不断深化与地区经济体的贸易投资合作，为建设开放型亚太经济持续贡献力量。印度尼西亚经济统筹部副部长埃迪·普里奥·潘布迪感叹，中国是促进世界经济增长的动力，也是RCEP实施的重要推动力。,positive,
37806,在中国政府的积极推动和中国企业的积极参与下，亚太经合组织可持续能源中心、中国—太平洋岛国应对气候变化合作中心等合作平台逐步搭建，墨西哥尤卡坦半岛齐拉姆红树林保护区等绿色发展项目落地生根，为共建清洁美丽的亚太贡献中国智慧、中国方案。亚太经合组织秘书处执行主任丽贝卡·玛利亚表示，中国以实际行动展现了实现可持续发展的决心，践行了在可持续发展方面的国际承诺。,positive,
37812,正如太平洋因联通四海而活力澎湃，开放是亚太合作的生命线。推进区域经济一体化，构建亚太命运共同体，实现社会稳定和生活幸福是亚太各国的共同追求和愿望。,positive,
37818,大国之大，在于责任重大。美国是亚太经合组织第三十次领导人非正式会议的东道主。中美两国是全球前两大经济体，经济总量超过世界1/3、人口总数占世界近1/4、双边贸易额约占世界1/5，在驱动亚太经济增长、促进亚太区域合作中发挥着独特的重要作用。宽广的地球完全容得下中美各自发展、共同繁荣。中美关系真正稳下来、好起来，不仅符合两国和两国人民根本利益，也将为亚太乃至世界的和平与繁荣发挥建设性作用。,positive,
37824,	新华社曼谷11月18日电,neutral,
37830,	各位同事：,neutral,
37836,	第一，维护国际公平正义，建设和平稳定的亚太。亚太过去几十年经济快速增长，得益于和平稳定的环境。一个重要启示就是相互尊重、团结合作，遇到事情大家商量着办，寻求最大公约数。我们应该坚持共同、综合、合作、可持续的安全观，尊重各国主权、领土完整，不干涉别国内政，尊重各国人民自主选择的发展道路和社会制度，重视各国合理安全关切，通过对话协商以和平方式解决国家间的分歧和争端。我们要积极参与全球治理，推动国际秩序朝着更加公正合理的方向发展，为亚太和世界和平稳定提供保障。,positive,
37842,	泰国有句谚语：“撒什么种子结什么果。”我们已经共同播下布特拉加亚愿景的种子，应该精心栽培、共同呵护，培育亚太共同发展的繁荣之花！,positive,
37848,在百年未有之大变局的背景下，当今世界进入新的动荡变革期。各方期待亚太继续发挥引擎作用，引领世界经济增长。我们这一代人必须回答好时代之问，拿出实际行动，满足各国人民对美好生活的热切期盼。只有坚持对话而不对抗、结伴而不结盟，尊重经济规律，发挥各自比较优势，促进各国经济联动融通，推进数字化、智能化、绿色化转型发展，才能创造新的亚太奇迹，回答好世界之问。,positive,
37854,习主席对人类前途命运的深邃思考、对人民福祉的深切关怀，展现出当今世界政治家宏阔的历史视野、强烈的使命担当、高超的政治智慧、务实的行动力，受到与会工商界人士和国际社会的热烈反响。,positive,
37860,新华社北京8月17日电 （国际观察）美日韩戴维营会晤的危险图谋,negative,
37866,舆论指出，美方选择在极具象征意义的戴维营举行会晤，凸显美方对此次活动的重视程度。日本和韩国都是美国的盟国，都与美国签订了共同防御条约，华盛顿希望能够加强与日韩合作，尤其是强化军事同盟关系。,positive,
37872,韩日矛盾仍难化解,negative,
37878,美国《外交》双月刊网站15日刊登评论文章说，美国推进美日韩三边关系的意图反映出美国应对地缘战略竞争的策略，即通过加强制度和联盟来增强美国实力。与此同时，加强三边合作有可能导致半岛紧张关系进一步升级。,positive,
37884,王毅说，今年年初以来，由于众所周知的原因，中美关系经历不少曲折，面临困难局面，这不符合两国人民利益和意愿。在双方共同努力下，中美关系近期出现止跌企稳势头。结合举办APEC会议，拜登总统向习近平主席发出一份举行元首会晤的单独邀请。美方特别表示，这是一场中美“峰会”，不同于本次APEC期间的双边会见安排。美国内各界和国际社会对此充满期待，普遍希望两国能够“重返巴厘岛、通往旧金山”。习近平主席审时度势，应邀赴约，再次在历史关头推动中美关系稳下来、好起来。,positive,
37890,国际舆论高度关注、积极评价，普遍认为元首之间面对面沟通至关重要，对稳定中美关系的作用无可替代，此次会晤展现了双方的积极意愿，取得重要成果，具有非凡意义，对于历经起伏的中美关系发挥了关键引领作用。拜登总统也连发五个推文，表示这是最具积极性和成果最重要的一次会晤。,positive,
37896,王毅说，从西雅图到旧金山，时隔8年，习近平主席同美国各界友好人士再次亲切互动，让我们深切感受到，中美友好的基础还在，交往的动力犹存，合作的前景可期。不论形势如何变化，中美人民交流合作的根本愿望不会改变，中美关系走向光明的未来必然依靠人民。习近平主席这次重要演讲必将激发两国人民更加积极投身中美友好事业，为中美关系实现稳定健康发展积聚更多正能量。此访同时体现出，重情尚义是中华民族的传统美德，也是中国外交的温暖底色。习近平主席既注重增进领导人友谊，又广交各界朋友，赋予中国特色大国外交情理相交、真诚亲和的风格。,positive,
37902,王毅说，在世界经济复苏乏力、不确定因素增多的背景下，外界高度关注中国作为全球主要经济体的表现，普遍期待中国继续发挥全球增长“动力源”和“稳定器”作用。此访期间，习近平主席向APEC工商领导人峰会发表书面演讲，并在多个场合向美国各界及APEC与会各方全面深入介绍中国式现代化的本质内涵及其世界意义。,positive,
37908,近年来，美国和日本十分重视人工智能技术发展运用，纷纷出台相关战略文件。5月23日，美国白宫发布2023年版《国家人工智能研发战略计划》，对2016年版、2019年版计划进行补充更新。新版文件提出9项战略，显露出美国联合盟友抢占人工智能领域霸权的意图。早在2021年，美国白宫科技政策办公室便专门成立国家人工智能计划办公室，负责监督、实施人工智能战略计划。,neutral,
37914,亚太经合组织主要讨论与全球和区域经济有关的议题，如贸易和投资自由化便利化、区域经济一体化、互联互通、经济结构改革和创新发展、全球多边贸易体系、经济技术合作和能力建设等。该组织的作用已经充分体现在亚太经贸合作实践中。例如，倡议加入亚太经合组织商务旅行卡计划的经济体相互为商务人员提供多边长期签证和快速通关礼遇。这一举措促进了商务合作，便捷了人员往来。,positive,
37920,过去几十年，亚太各方携手创造了举世瞩目的“亚太奇迹”。站在新的历史起点，各方应共同努力，推动亚太合作取得更多丰硕成果,positive,
37926,大家一起发展才是真发展。只有坚持普惠共享，才能让发展成果更多更公平惠及各国人民。亚太各方要全面落实联合国2030年可持续发展议程，推动发展问题重回国际议程中心位置，深化发展战略对接，共同解决全球发展赤字。习近平主席提出全球发展倡议，为推动国际社会合力解决发展赤字作出了积极贡献。在此次会议上，习近平主席欢迎各方积极参与全球发展倡议，深化减贫、粮食安全、工业化、发展筹资等领域合作，构建全球发展共同体，让各国人民共享现代化建设成果，展现立己达人、胸怀天下的责任担当和使命情怀。,positive,
37932,　　建设清洁美丽的亚太,neutral,
37938,亚太森林组织、云南省林业和草原科学院、西南林业大学、中国林产工业协会、普洱林产业集团有限公司分别与斐济渔业和林业部、柬埔寨野生动植物研究所、泰国农业大学、老挝林产工业协会、大自然林业集团有限公司签署了合作协议。,positive,
37944,答：应美国总统拜登邀请，中国国家主席习近平将赴美举行中美元首会晤，同时应邀出席亚太经合组织第三十次领导人非正式会议。两国元首将就事关中美关系的战略性、全局性、方向性问题，以及事关世界和平与发展的重大问题深入沟通。,positive,
37950,					当地时间十一月十八日上午，亚太经合组织第二十九次领导人非正式会议在泰国曼谷国家会议中心举行。国家主席习近平出席会议并发表题为《团结合作勇担责任 构建亚太命运共同体》的重要讲话。,neutral,
37956,	习近平抵达会场时，受到泰国总理巴育热情迎接。,positive,
37962,	第四，坚持命运与共，建设守望相助的亚太。我们要以战略和长远眼光看待亚太合作，维护亚太经合组织在区域合作中的主渠道地位，维护亚太合作正确方向。要秉持亚太经合组织的宗旨原则，不断深化互信、包容、合作、共赢的亚太伙伴关系，发扬大家庭精神，同舟共济、守望相助，朝着构建亚太命运共同体不断迈进！,positive,
37968,《 人民日报 》（ 2022年11月19日 01 版）,neutral,
37974,APEC走过30年，助力亚太成为世界经济增长中心、全球发展稳定之锚和合作高地，创造了举世瞩目的“亚太奇迹”。,neutral,
37980,打造亚太下一个“黄金三十年”，需要具体的路线图。,neutral,
37986,南开大学亚太经济合作组织研究中心主任刘晨阳表示，中国并没有因为发展环境和外部形势的变化变得保守，而是通过高水平对外开放、贡献更多公共产品来破解发展难题。,positive,
37992,在打造亚太下一个“黄金三十年”过程中，中国力量不可或缺。,positive,
37998,和平、稳定、繁荣的中国，将带给亚太乃至世界更多机遇。,positive,
38004,| 策划：吴庆才,neutral,
38010,	新华社曼谷11月17日电 新闻背景：亚太经济合作组织,neutral,
38016,	1991年11月，亚太经合组织第三届部长级会议在韩国首都汉城（现称“首尔”）举行并通过《汉城宣言》，正式确立这一组织的宗旨和目标，即“为本地区人民的共同利益保持经济的增长与发展；促进成员间经济的相互依存；加强开放的多边贸易体制；减少区域贸易和投资壁垒”。,positive,
38022,历史，总是在一些关键节点给人以深刻启迪。此次领导人非正式会议，是亚太经合组织领导人第三十次聚首，具有特殊重要意义。回首过往，亚太经合组织建立领导人定期会议机制以来，始终走在全球开放发展的前沿，有力促进了区域贸易和投资自由化便利化、经济技术发展、物资人员流动，创造了举世瞩目的“亚太奇迹”。亚太合作的非凡历程启示我们：开放包容是亚太合作的主旋律，共同发展是亚太合作的总目标，求同存异是亚太合作的好做法。,positive,
38028,本次活动以“为共同繁荣的未来”为主题，旨在汇聚亚太各经济体工商领袖，围绕区域一体化、亚太经贸合作、绿色发展、包容性增长等APEC重点议题展开对话，为参与峰会的中外工商界代表搭建交流平台，推动建设紧密合作、可持续发展的亚太共同体。APEC中国工商理事会主席、APEC工商咨询理事会可持续增长工作组主席宁高宁，美国APEC国家中心主席莫妮卡·哈迪·惠利，2024年APEC工商领导人峰会主席费尔南多·萨瓦拉，新加坡工商联合总会首席执行官、APEC工商咨询理事会新加坡代表郭柄汛，普华永道亚太及中国主席赵柏基，隆基绿能创始人、总裁李振国，五粮液集团进出口公司董事长陈翀等中外工商界人士出席并发言。,neutral,
38034,　　建设共同富裕的亚太,neutral,
38040,许宁宁在主持座谈交流时解读了《2023年亚太经合组织领导人旧金山宣言》。他表示，《旧金山宣言》体现了当前经济发展和合作的各方重大关切和需要，体现了世界发展潮流，落实其将有益于亚太区域经济增长。,positive,
38046,这是2023年2月14日拍摄的位于智利中部沿海的蓬塔谢拉风电场。蓬塔谢拉风电场是中国在智利投资建设的首个风电场，2018年正式投产发电，可满足13万户家庭的用电需求，同时每年还能减少15.7万吨碳排放。,positive,
38052,监制：孙承斌 李忠发,neutral,
38058,新华社摄影部制作,neutral,
38064,据了解，南明区楼宇党群服务亚太站已于2023年3月正式开放运营。南明区亚太中心党建联盟正式成立后，将采取“联席会议制+定期报告制+成员轮值制”的工作机制，共同促进南明区楼宇党群服务亚太站“公转带自转、自转促公转”协调运行。同时，以“党建联盟联席会议”为议事机构，定期召开联席会议，开展好民主商议党建联盟工作，助力南明区楼宇党群服务亚太站运行等。（文/图 熊道娴）,positive,
38070,	综合来看，美国所宣称的峰会“重大成果”主要包括：美国和东盟将于11月建立全面战略伙伴关系、美国将向东盟提供价值1.5亿美元的援助、美国任命新任驻东盟大使。,positive,
38076,	“秀恩爱”被打脸。对于美国-东盟特别峰会，外媒评论指出，峰会表面的隆重与成果的平淡形成反差，美国利用峰会拉拢东盟的意图完全落空。作为峰会“最大成果”，双方升级全面战略伙伴关系可谓“不情不愿”。据泰国《曼谷邮报》透露，美国原本希望通过本次峰会实现关系升级，却被东盟以“程序性”为理由设置6个月“考察期”，意味着东盟对美国并不满意。,negative,
38082,	总的来看，拜登政府近期在外交上对亚太国家打出的“组合拳”，主要意图是强化亚太地区安全和经济同盟体系，推动“印太战略”落地见效，加紧构建对潜在对手的包围圈。未来，美国或将持续强化与亚太盟友间的合作。,positive,
38088,	暴露危险倾向,neutral,
38094,	国内，日本政府在修宪扩军的道路上狂奔。3月，岸田文雄将修宪列为自民党在今夏参议院选举中所用选举纲领的重点项目，表示力求“尽早实现”。4月，自民党向岸田文雄提交有关《国家安全保障战略》《防卫计划大纲》和《中期防卫力整备计划》3份文件的建议书，要求将日本防卫预算从现行的占GDP约1%提升至2%以上，以达到北约成员国的标准，并继续炒作来自中国、俄罗斯、朝鲜等的“安全威胁”。此外，日本政客近期还频频发表“核共享”言论，并公然讨论修改自身承诺的“无核三原则”，甚至在向《不扩散核武器条约》审议大会提交的最新版国家报告中删除了相关表述。,negative,
38100,	刘江永指出，“印太战略”以“自由”“开放”为旗号。但实际上，所谓“自由”，是以意识形态划线；所谓“开放”，是搞封闭排他的“小圈子”。从日本方面来看，日本的外交战略与防卫战略逐步合为一体，形成了一个明确的国家战略，其主要内容就是要打破战后“和平宪法”的制约，增强自身军事力量，使日本具备与美并肩作战的能力，即成为所谓“能战国家”。,negative,
38106,	刘江永指出，依附于军事同盟、军事集团的做法是典型的“冷战思维”，落后于时代发展潮流。日本须知，失道者寡助。以邻为壑的做法最终只会搬起石头砸自己的脚。,negative,
38112,亚太森博（山东）浆纸有限公司是新加坡金鹰集团成员。2023年7月30日，日照市政府与新加坡金鹰集团亚太森博浆纸延链项目投资合作协议签约仪式在山东大厦举行。山东省委书记林武、省长周乃翔出席见证。,neutral,
38118,通过大规模的植树造林，实现绿色的制浆造纸和可持续发展是我们追求的目标。我们集团每天在全球植树造林150万棵，我们采用100%的人工速生丰产林来生产木浆，通过木浆来生产下游的文化纸、生活用纸以及白卡纸板，从而实现了绿色产品建设绿色工厂。,neutral,
38124,我们联合第三方进行的烟气深度治理和余热暖民消白一体化项目总投资近4亿元，对公司碱炉、石灰窑、动力锅炉、漂白尾气、焚烧炉共六根烟囱的烟气的余热进行回收，每年可收集余热300MW，供暖面积能力可达600万平方米。,neutral,
38130,我们的宗旨是开发永续资源，创造美好生活。我们致力于成为规模最大、管理最佳、效益最好、以可持续的资源开发为基础的集团之一，保护环境，为客户创造价值，实现利民、利国、利业。,positive,
38136,徐晓兰表示，APEC各经济体应通力合作，共同促进亚太地区中小企业包容可持续发展，并提出四点倡议：落实布特拉加亚愿景，推动亚太地区经济增长和可持续发展；促进专精特新发展，培育更多优质中小企业；拥抱数字化绿色化，加快中小企业转型升级；鼓励青年、女性创业创新发展，提升增长包容性。,positive,
38142,如何促进中小企业发展、推动亚太地区创新？越南工业和贸易部副部长杜胜海在致辞中提出了三点建议，包括政府层面研究并出台多项财政扶持政策，减轻中小企业收入损失的压力；建议中小企业聚焦战略重构，从资金、人力资源、管理体系等方面积极调整适应变化；鼓励加快推动中小企业数字化解决方案的普及与应用。,positive,
38148,这是2023年2月14日拍摄的位于智利中部沿海的蓬塔谢拉风电场。蓬塔谢拉风电场是中国在智利投资建设的首个风电场，2018年正式投产发电，可满足13万户家庭的用电需求，同时每年还能减少15.7万吨碳排放。,neutral,
38154,监制：孙承斌 李忠发,neutral,
38160,新华社摄影部制作,neutral,
38166,	覃伟中在开幕致辞中强调，APEC 是亚太地区层级最高、领域最广、最具影响力的经济合作机制，APEC 中小企业工商论坛是加强中小企业交流合作的重要平台。希望以本届论坛为契机，进一步加强与 APEC各成员经济体的深入交流，深化中小企业间务实合作，共享机遇，共创未来，携手为推进亚太稳定繁荣作出更多贡献。,positive,
38172,近日，亚太大数据（舆情）中心揭牌仪式在北京国际传播大厦举行。,neutral,
38178,	为应对所谓“大国竞争”，美海军陆战队提出“远征前进基地作战”概念，强调将地面部队提前部署至靠近对手的岛上或岸边，帮助陆、海、空军部队更好生存和战斗。在“远征前进基地作战”概念中，“海马斯”多管火箭炮系统被美军视为关键一环。该火箭炮是一种轻型、模块化多管远程火箭炮，可用C-130运输机空运，也可部署至战舰上，打击岸上目标。有分析人士指出，这种火箭炮适用于纵深有限的战场或小型岛屿，便于“打了就跑”。早在2019年，就有消息称，美国与菲律宾曾讨论部署该型火箭炮系统。,positive,
38184,APEC走过30年，助力亚太成为世界经济增长中心、全球发展稳定之锚和合作高地，创造了举世瞩目的“亚太奇迹”。,positive,
38190,打造亚太下一个“黄金三十年”，需要具体的路线图。,neutral,
38196,南开大学亚太经济合作组织研究中心主任刘晨阳表示，中国并没有因为发展环境和外部形势的变化变得保守，而是通过高水平对外开放、贡献更多公共产品来破解发展难题。,positive,
38202,在打造亚太下一个“黄金三十年”过程中，中国力量不可或缺。,positive,
38208,和平、稳定、繁荣的中国，将带给亚太乃至世界更多机遇。,positive,
38214,| 策划：吴庆才,neutral,
38220,亚太经合组织（APEC）第三十次领导人非正式会议即将在美国旧金山举行。本次会议的主题是“为所有人创建强韧和可持续未来”，充分彰显可持续发展的重要性和紧迫性。从中国理念、中国方案到中国行动，从双边合作、区域合作到多边合作，中国在APEC框架下与各成员和衷共济，助力亚太地区可持续发展和绿色转型。,positive,
38226,中国坚定不移扩大对外开放，是亚太合作的积极倡导者和坚定践行者。2021年11月11日，习近平主席在亚太经合组织工商领导人峰会上发表主旨演讲指出：“30多年来，从《茂物目标》到《布特拉加亚愿景》，从宏观经济政策协调到高标准自由贸易区建设，亚太地区保持较长时期快速发展。归根结底，这得益于打造开放型经济格局的努力，得益于构筑互信、包容、合作、共赢的亚太伙伴关系。”2022年11月18日，习近平主席在亚太经合组织第二十九次领导人非正式会议上的讲话中指出，历史反复证明，开放包容、合作共赢才是人间正道。,positive,
38232,2022年11月19日，亚太经合组织第二十九次领导人非正式会议通过《2022年亚太经合组织领导人宣言》和《生物循环绿色经济曼谷目标》两份成果文件，体现了中方关于构建亚太命运共同体、新发展理念等政策主张。,positive,
38238,位于南宁市良庆区的中国—东盟新型智慧城市协同创新中心（2023年9月18日摄）。新华社记者 胡星宇 摄,neutral,
38244,　　总监制：任卫东,neutral,
38250,	新华社记者,neutral,
38256,	这是2022年2月21日在美国首都华盛顿拍摄的白宫。新华社记者刘杰摄,neutral,
38262,	这是2022年8月4日在美国华盛顿拍摄的白宫。新华社记者刘杰摄,neutral,
38268,	韩国舆论对本国政府加入美日阵营表达了忧虑和质疑。《韩民族日报》警告，如果韩国卷入美国鼓动的“新冷战”，半岛周边安全风险将明显增加，韩国的安全态势将变得更不稳定。韩国前统一部长官李钟奭撰文指出，美国打着价值观旗号，宣称需要建立同盟级别的美日韩军事与政治合作，但韩国到底能从中得到什么让人怀疑。,negative,
38274,宽阔的太平洋是亚太合作的桥梁、友好的纽带、共同的家园。走和平发展之路、走开放包容之路、走和衷共济之路……越是面对困难和挑战，越应坚守合作初心。,positive,
38280,安德烈斯·迪亚斯·贝多亚是墨西哥“数字乡村”项目发起人。2019年，他通过中国电商企业的人才培养计划，来到中国“电商示范村”之一的浙江临安白牛村。数字经济赋予乡村的活力让他十分惊喜。很快，安德烈斯把学到的电商“致富经”带回万里之外的故乡。,positive,
38286,统筹：韩珅、王志斌,neutral,
38292,包装：王宁馨（实习）,neutral,
38298,当前，世界进入新的动荡变革期，世界经济面临多重风险挑战。习近平主席提出共同打造亚太下一个“黄金三十年”，凸显中国对亚太地区发展的坚定信念。,positive,
38304,历经30年发展，亚太合作有开放包容的主旋律、共同发展的总目标、求同存异的好做法。更重要的是，作为亚太地区发展的重要动力源，中国经济韧性强、潜力足、回旋余地广，长期向好的基本面没有变也不会变，这无疑将为地区和世界发展注入信心、带来新动力。,positive,
38310,梳理习近平主席最近几年在亚太经合组织领导人非正式会议上的讲话，“创新”“开放”“绿色”“共享”是高频词。这表明，中方推动亚太地区发展始终有着清晰而明确的规划。,positive,
38316,回看过往，亚太地区能够成为世界经济增长中心、全球发展稳定之锚和合作高地，离不开地区成员共同的努力。,positive,
38322,监制：张旭东、冯俊扬,neutral,
38328,	“新形势下，我们要携手构建亚太命运共同体，再创亚太合作新辉煌。”11月18日，中国国家主席习近平出席亚太经合组织第二十九次领导人非正式会议并发表重要讲话。湄南河畔，振奋人心的中国声音为开启亚太合作新篇章指明方向。,positive,
38334,	（作者为本报评论员）,neutral,
38340,	贸易是我们全体人民发展和繁荣的支柱。以世贸组织为核心，基于规则的多边贸易体系在经济复苏中发挥重要作用。我们将建设性参与世界贸易组织第十二届部长级会议，确保会议取得务实成果。我们将推进区域经济一体化，推进亚太自由贸易区建设，为实现全面高质量的区域贸易协定作出贡献。我们注意到亚太经合组织工商咨询理事会将建成亚太自贸区作为首要事项。,neutral,
38346,今年的北约峰会继续毫无根据地渲染所谓中国构成“系统性挑战”，并再次邀请个别亚太国家参加，充分暴露北约东进亚太的野心。北约之所以要东进亚太，亚太之所以面临北约化风险，根本原因就在于美国的推动。,negative,
38352,（作者为中国现代国际关系研究院副院长）,neutral,
38358,去年11月，在湄南河畔，习近平主席全面总结“亚太奇迹”的经验与启示，深刻阐述中国式现代化的历史逻辑、现实路径和时代意义，为亚太合作指明方向。,positive,
38364,△近日，美国旧金山亚太经合组织会议场地外的宣传海报。,neutral,
38370,引领方向，推动构建亚太命运共同体,positive,
38376,△2023年11月5日，在行驶中的雅万高铁高速动车组列车车厢内，乘客纷纷用手机拍摄显示列车时速达到350公里的电子屏。,neutral,
38382,不久前，第三届“一带一路”国际合作高峰论坛在北京成功举办。习近平主席在论坛上提出共同推动和平发展、互利合作、共同繁荣的世界现代化的宏伟愿景——“我们追求的不是中国独善其身的现代化，而是期待同广大发展中国家在内的各国一道，共同实现现代化。”,positive,
38388,多次访华的马来西亚新亚洲战略研究中心理事长许庆琦表示，看到中国推动现代化进程焕发出的勃勃生机，自己深受震撼。“我相信，中国可以助力世界特别是亚太地区创造更美好未来”，期待中方在此次会议上为促进亚太繁荣和全球发展贡献更多中国智慧。,positive,
38394,监制丨耿志民,neutral,
38400,据介绍，亚太信息系统年会是信息系统和信息技术领域学者和专业人士的年度会议。此次大会共有来自20余个国家和地区的500余名学者注册参会，也是江西财经大学百年校庆系列学术活动之一。,neutral,
38406,韩正指出，能源绿色低碳转型已成为世界各国共识，是不可逆转的时代趋势。中国将秉持人类命运共同体理念，同亚太各国一道，携手推动构建开放共赢的能源电力国际合作新格局。,neutral,
38412,亚太经合组织成立已34年，首次亚太经合组织领导人非正式会议召开距今也已有30年。相较于金砖合作机制、二十国集团等多边机制，亚太经合组织成立时间更长、参与成员也较多。伴随时势变化，如今亚太经合组织发展动力何在，未来又将走向何方？,neutral,
38418,从目标的维度看——,neutral,
38424,中国的发展起步于亚太，得益于亚太，也贡献于亚太和世界。从中国加入亚太经合组织起，亚太经合组织便成为中国与亚太地区其他经济体开展互利合作、开展多边外交、展示中国国家形象的重要舞台，如今中国经济总量居世界第二。目前，中国仍是全球经济增长最大引擎，今年对全球经济增长的贡献将达到三分之一。,positive,
38430,立足亚太、造福亚太，新征程上的中国秉持亚太经合组织初心，携手各方合作共赢，必将为亚太乃至全世界共同发展不断作出新的更大贡献。,positive,
38436,新华社国内部、国际部联合制作,neutral,
38442,30年前，正是出于对冷战结束后“人类向何处去”的世界之问、历史之问、时代之问的回应，亚太地区领导人共聚一堂，一致同意超越集团对抗、零和博弈的旧思维，深化区域经济合作和一体化，致力于共建一个活力、和谐、繁荣的亚太大家庭，从而推动亚太发展和经济全球化进入快车道，助力亚太成为世界经济增长中心、全球发展稳定之锚和合作高地。,positive,
38448,“坚持对话而不对抗、结伴而不结盟的国与国交往之道”“坚持开放的区域主义，坚定不移推进亚太自由贸易区进程”“推进数字化、智能化、绿色化转型发展，共同强化科技创新和成果转化，推进数字经济和实体经济深度融合”……在这次书面演讲中，习近平主席为亚太合作再出发进一步指明方向。,neutral,
38454,“中国已经成为最佳投资目的地的代名词，下一个‘中国’，还是中国，欢迎各国工商界朋友们继续投资中国、深耕中国！”,positive,
38460,主笔：孙奕、谭晶晶,neutral,
38466,会议现场。史桓恺摄,neutral,
38472,要把一个什么样的亚太带到本世纪中叶？如何打造亚太发展的下一个“黄金三十年”？在这一进程中如何更好发挥亚太经合组织作用？,neutral,
38478,不忘来时路，才能更好面向未来。新的历史关口，回顾亚太合作的非凡历程更是对未来的重要启迪。这也就能更好理解，习近平主席为何在16日向亚太经合组织工商领导人峰会发表书面演讲和17日的领导人非正式会议重要讲话中，都要强调“初心”。,neutral,
38484,坚定的话语，为推动亚太地区乃至全球共同发展注入信心。,positive,
38490,（三）同心,neutral,
38496,历史和现实都深刻表明，亚太是合作发展的热土，而不是地缘政治的棋局。只要各方同心协力，地区和世界的发展就会更有希望和活力。,positive,
38502,视觉｜编辑：吴晶晶、王秋韵,neutral,
38508,△2022年11月18日，泰国曼谷国家会议中心，习近平主席出席亚太经合组织第二十九次领导人非正式会议并发表重要讲话。,neutral,
38514,“亚太奇迹”、构建亚太命运共同体、中国式现代化……一个个关键词，吸引了大家的目光。,positive,
38520,唯有坚守初心，加强合作，互相支持，互相帮助，才能推动亚太经济走在世界经济复苏前列。,positive,
38526,言必信，行必果。中国是这样说，也是这样做的。,positive,
38532,开启新篇，以中国式现代化推动人类整体进步,positive,
38538,国际社会普遍认为，在“亚太奇迹”的大合唱中，“中国奇迹”无疑是最振奋人心的乐章之一。其中，中国式现代化的音符尤其灵动。,positive,
38544,新时代新征程，中国将继续与亚太携手、与世界同行，为推动构建人类命运共同体、建设一个更加美好的世界贡献中国智慧和中国力量。,positive,
38550,新华社北京7月9日电 日本媒体日前报道，日本首相岸田文雄将与韩国、澳大利亚和新西兰领导人一道出席本月11日至12日在立陶宛举行的北大西洋公约组织（北约）峰会。今年5月媒体还曾披露，北约计划2024年在日本设立联络处。届时，东京联络处将成为北约设在亚洲的首个办事机构。,neutral,
38556,2021年，北约制定了“北约2030年议程”，寻求重振同盟实力，推动新的战略转型，重点转向大国竞争，还提出要积极介入全球事务特别是“印太事务”。2022年，北约马德里峰会首次邀请日韩澳新四国领导人参会。今年1月，北约秘书长斯托尔滕贝格访问亚洲，声称跨大西洋和印太地区安全紧密相连。6月，据《日本经济新闻》报道，北约将在今年夏天与日本制定完成新版合作计划，同时将与其他三国制定新的合作计划。,positive,
38562,韩国东亚研究所所长禹守根认为，近年来北约在亚太频刷“存在感”，背后最根本的动力就是要在中美博弈的大背景下遏制中国的发展势头及持续提升的国际影响力。,negative,
38568,1999年4月9日，在南联盟塞尔维亚共和国小城楚皮亚附近的村庄里，42岁的薇拉·米哈洛维奇站在被炸毁的房子前失声痛哭。1999年3月，以美国为首的北约军队打着“避免人道主义灾难”的旗号，公然绕过联合国安理会，对当时的南斯拉夫联盟共和国进行了78天的持续轰炸，造成2000多名无辜平民丧生。（新华社记者黄文摄）,negative,
38574,人民网曼谷9月7日电（记者白元琪、杨一）9月7日，由泰国泰中“一带一路”研究中心、中国驻泰大使馆联合主办的“一带一路”倡议十年的亚太实践与展望研讨会在泰国曼谷举行。本次会议的主题是“互联互通 命运与共”。泰国前总理阿披实、中国驻泰国大使韩志强、泰中“一带一路”研究中心主任威伦、老挝国立大学亚洲研究中心主任布亚当等来自亚太地区国家的近200位政府、智库、媒体、商界及留学生代表出席本次活动。,positive,
38580,威伦表示，“一带一路”倡议给亚太国家新的发展思路，带来了中老铁路，让柬埔寨有了高速公路，让中国新能源汽车走向各个国家，“一带一路”倡议十年的亚太实践也成就了亚太命运共同体、泰中命运共同体和老中命运共同体。,positive,
38586,泰国前国会主席颇欣说，“一带一路”十年让国际社会合作更加紧密，中泰两国合作已经进入高质量发展时期。“一带一路”倡议获得国际社会认同，携手构建命运共同体是亚太地区发展中国家共同的愿望。泰国前驻华大使毕力亚表示，“一带一路”倡议让中泰两国在经贸、教育、文化等领域交流不断紧密，中国新能源汽车、电子商务产业在泰国发展迅速，“一带一路”倡议是构建更稳定、更繁荣、更可持续中泰命运共同体的保障。,positive,
38592,亚太森博中国控股有限公司旗下现有亚太森博(山东)浆纸有限公司、亚太森博(广东)纸业有限公司两家企业已投产运营，亚太森博(江苏)浆纸有限公司高档白卡纸板项目正在建设中。,positive,
38598,据介绍，论坛的举办，将形成“建立普洱亚太林业论坛每两年举办一届的长效机制，启动全球森林可持续管理网络，签署四项区域林业合作协议”三大产出，推介我国在森林恢复与管理、森林可持续经营、生态文明建设和森林与自然教育等方面的经验和理念，推动亚太国家和地区在森林可持续发展方面的前沿信息、有益经验汇聚普洱，充分挖掘森林生态系统和生态、文化、经济与社会价值的多功能作用，形成以森林为基础的绿色发展效应。,neutral,
38604,今年3月，山东省质量强省办牵头组织开展第二批“好品山东”品牌遴选。在遴选范围上，主要面向第一批“好品山东”品牌未涉及的行业领域，重点围绕山东省“十强产业”“四新”领域及标志性产业链，适当向服务业倾斜。经综合评价，从1851个申报主体中择优遴选出了105个技术水平先进、市场占有率高、品牌影响力大、行业引领性强的“好品山东”品牌，展现了山东省新旧动能转换及经济高质量发展成果。（贺锡田）,positive,
38610,本期解读：田甜 央广网评论员,neutral,
38616,中国的发展得益于亚太，也用自身的发展回馈亚太、造福亚太。作为亚太经合组织的一员，中国一直坚定不移扩大对外开放，积极参与亚太经合组织的各项事务，在推动亚太区域经济合作中发挥重要作用。特别是中国提出的“一带一路”倡议、共建亚太命运共同体、互联互通、经济合作等理念和方案，为亚太地区的繁荣稳定作出重要贡献。2022年，中国与亚太地区贸易额达3.1万亿美元，同比增长19.2%，占中国外贸总额的36.8%；中国高质量实施《区域全面经济伙伴关系协定》（RCEP），对其他成员国进出口总额达12.95万亿元人民币，同比增长7.5%。随着中国-东盟自贸区建设深入推进，中国与东盟互为最大贸易伙伴地位进一步得到巩固，产业链供应链合作不断加强，今年前三季度，我国与东盟贸易总值达到4.68万亿元。,positive,
38622,　　（二）领航：“这个地球容得下中美两国。中美各自的成功是彼此的机遇。”,positive,
38628,	冷战结束以后，亚太地区总体保持和平与繁荣，东盟在地区架构中的中心地位发挥了重要作用。东盟通过共同体建设和经济一体化进程，形成了温和的安全文化和独特的外交理念，在构建开放包容的地区安全架构中发挥着不可替代的作用。,positive,
38634,	（作者为中国人民大学国际关系学院教授）,neutral,
38640,9月6日，2023中新国际数字合作论坛数字内容分论坛在渝举行。此次论坛围绕数字内容产业的现状与发展趋势，邀请政产学研专家进行讨论分享，进一步凝聚数字内容产业发展共识，运用数字技术推动数字内容产业集聚，提升数字内容产业的社会效益和经济效益。在会上，亚太（重庆）数字经济创新中心项目正式签约落户九龙坡区。,neutral,
38646,在会上，九龙坡区还面向社会发布应用场景清单，希望整合“政企学研用”各方力量，同题共答、携手共建，共同推动数字重庆建设。发布的应用场景共20个，涵盖基础设施、数字政务、数字经济、数字社会、数字法治5个方面，总投资9200万元。,positive,
38652,研发中心启动仪式。重庆轻纺集团供图,neutral,
38658,据了解，萨固密亚太技术研发中心作为萨固密集团全球区域研发总部，将进一步增强企业全球竟争力，依托萨固密集团欧洲总部资源可为欧美全球性客户提供同步开发，立足重庆面向亚太服务全球，将为重庆汽车及零部件产业融入全球供应链体系提供更强有力支持，在建设内陆开放高地、深度融入共建“一带一路”中彰显国企担当，在带头带动区域高水平对外开放与合作，服务保障国内国际“双循环”新发展格局中体现国企价值。,positive,
38664,　　（三）担当：“下一个‘中国’，还是中国”,neutral,
38670,人民网东京7月23日电 （记者岳林炜）7月22日，中国驻日本使馆发言人就北约东进亚太消极动向发表谈话，全文如下：,neutral,
38676,观摩团充分肯定公司近年来在绿色低碳高质量发展方面所取得的成绩及参与“无废城市”建设有关成效。观摩团指出，一是加快推进重点任务和项目建设，加快工作进度，督促重点任务落实。二是加快推动工业固体废物综合利用，各相关部门要加大重点项目支持力度，切实帮助企业解决困难、问题，确保项目早投产、早见效。三是加快推进“无废细胞”创建工作，做到目标要求明确、责任分工明确、实施步骤明确、工作标准明确，充分调动各方力量，扎实推进创建工作，营造“无废城市”建设浓厚氛围。（贺锡田）,neutral,
38682,习近平指出，可持续发展是解决当前全球性问题的“金钥匙”。近年来，亚太经合组织深入落实2040年布特拉加亚愿景，大力实施《生物循环绿色经济曼谷目标》，为全球绿色和可持续增长作出积极贡献。当前形势下，我们要进一步凝聚共识，聚焦行动，为全球可持续发展事业注入更大动力。,positive,
38688,王毅参加会议。,neutral,
38694,	新华社北京4月28日电（记者张汨汨、米思源）国防部28日举行例行记者会，国防部新闻局副局长、国防部新闻发言人谭克非在回答相关问题时表示，美日方面罔顾事实，捏造渲染所谓中国“太空威胁”，其目的是为自身扩充太空军备、谋求优势地位制造借口，中方坚决反对这一做法。,negative,
38700,	当前，新冠肺炎疫情反复延宕，世界经济复苏面临各种挑战，单边主义、保护主义上升，全球产业链供应链受到冲击，通货膨胀、粮食、能源安全等问题复杂严峻。习近平主席指出，亚太是我们安身立命之所，也是全球经济增长动力之源。过去几十年，亚太区域经济合作蓬勃发展，创造了举世瞩目的“亚太奇迹”，亚太合作早已深入人心。现在，世界又一次站在历史的十字路口，亚太地位更加重要、作用更加突出。,neutral,
38706,“携手构建亚太命运共同体具有重大意义”,positive,
38712,“一定能以自身新发展为世界带来新机遇”,positive,
38718,	秘鲁萨维亚能源公司首席执行官吉列尔莫·费雷罗斯表示，中国坚持绿色发展，在环境治理方面取得显著成绩。中国确定的“双碳”目标是对国际社会的庄严承诺。“我们只有走人与自然和谐共生的道路，共同构建人与自然生命共同体，才能为我们的子孙后代实现永续发展奠定良好基础。”,positive,
38724,二是打造绿色发展转型新路径。推动能源、产业、交通运输结构转型升级，协同推进降碳、减污、扩绿、增长，统筹推动劳动力公正转型和高质量就业，构建经济与环境协同共进的地球家园。,neutral,
38730,习近平指出，可持续发展是解决当前全球性问题的“金钥匙”。近年来，亚太经合组织深入落实2040年布特拉加亚愿景，大力实施《生物循环绿色经济曼谷目标》，为全球绿色和可持续增长作出积极贡献。当前形势下，我们要进一步凝聚共识，聚焦行动，为全球可持续发展事业注入更大动力。,neutral,
38736,王毅参加会议。,neutral,
38742,5月22日，笔者来到亚太中心公交场站改造现场。在现场，施工人员正在对原本的公交车停车位黄线进行拆除作业。“根据我们的改造方案，首先将通过压缩公交场站面积的方式，腾出车道用于社会车辆通行，其次将对路口交通组织进行调整，设置三角渠化岛，前移车辆停止线和斑马线，规范行车流线，最后对路口信号灯进行精细化配时，优化亚太中心周边停车场出入交通。”南明区治堵办相关负责人何涛说道，通过本次改造升级，半山小镇往亚太中心方向道路通行效率将得到大幅提升，有效改善花果园区域道路拥堵情况。,positive,
38748,	在强化日美同盟及军事大国欲念的驱动下，日本积极引北约入亚太，推动其与美日同盟实现战略对接。2022年2月乌克兰危机爆发后，日本大幅强化了与北约的战略与安全互动，包括首次出席北约外长会议、首次出席北约军事委员会参谋长级会议，正式加入北约网络防御中心，以及首次出席北约领导人峰会。2023年1月，北约秘书长时隔6年再度访日，与日本共同渲染所谓“世界正处于自二战结束以来最严峻、最复杂的安全环境之中”，强调“印太”和欧洲安全密不可分，主张建立起双方“更为牢固的关系”。双方发表的联合声明强调要在军事、信息、网络和太空等多个领域开展安全合作。,positive,
38754,2023年11月14日至17日，应美国总统拜登邀请，国家主席习近平赴美国旧金山举行中美元首会晤，同时应邀出席亚太经合组织（APEC）第三十次领导人非正式会议。国际舆论普遍认为，这次访问举世瞩目、成果丰硕、意涵深远，为国际和地区格局注入正能量，彰显了习近平主席高瞻远瞩、胸怀天下的大国领袖风范。,positive,
38760,习近平主席深刻指出，中美是选择加强团结合作，还是挑动阵营对抗，将决定人类前途和地球未来。美方必须认真思考中美两国到底是伙伴还是对手这个根本性问题，做出正确历史选择。习近平主席指出，这次旧金山会晤，双方应设立新的愿景：一是共同树立正确认知；二是共同有效管控分歧；三是共同推进互利合作；四是共同承担大国责任；五是共同促进人文交流。这“五个共同”为中美关系浇筑了五根支柱，开辟了面向未来的“旧金山愿景”。,neutral,
38766,外交学院副院长 高飞：我们可以看到美国各界对于和习主席的交流都表现出空前的热情，特别是对于中美关系能够有稳定的经贸关系、有稳定的人文往来，大家是非常重视。大多数民众不希望美国和中国重新走到新冷战。,positive,
38772,新加坡国立大学东亚研究所研究员 康端严：习近平主席强调开放包容是亚太合作的主旋律，我十分赞同。30年来，亚太地区在经济上的联系更加紧密，在全球经济中的重要性也不断提升，习近平主席对未来亚太地区合作的指引非常务实和积极。,positive,
38778,今年6月，山东省新旧动能转化综合试验区建设领导小组办公室公布了山东省“十强”产业集群领军企业名单，亚太森博（山东）浆纸有限公司（以下简称亚太森博）作为制浆造纸行业产业升级、技术进步、绿色发展的标杆，荣膺“现代轻工纺织”产业集群领军企业榜单。,neutral,
38784,来源：主流日照,neutral,
38790,	自2018年以来，APEC中小企业工商论坛已经连续三届在深圳举办，这为深圳中小企业创新和专业化蓬勃发展带来了优质国际合作资源和强大助推力。2022年工商论坛同期还将举办数字赋能中小企业专精特新发展论坛、助力专精特新中小企业“走出去”论坛、未来汽车产业新生态高峰论坛、产教融合促进专精特新发展高校校长论坛、培育专精特新企业，推动先进制造业高地建设论坛、2022中国·深圳好创业高峰论坛、低碳与绿色发展赋能专精特新企业论坛，以及专精特新 成就未来——深圳市专精特新“小巨人”企业融通创新路演暨创新产品展示对接会，为中小企业提供沟通交流平台、分享成功经验、嫁接优质资源。,positive,
38796,	11月12日晚，国家主席习近平在北京以视频方式出席亚太经合组织第二十八次领导人非正式会议并发表重要讲话。这是中国共产党十九届六中全会胜利闭幕后，习近平主席首次出席重大多边活动。11日，习近平主席还应邀以视频方式向亚太经合组织工商领导人峰会发表主旨演讲。,positive,
38802,	“习近平主席的讲话抓住了问题的关键。”中国国际问题研究院常务副院长阮宗泽表示，如果不能赢得抗击疫情的彻底胜利，亚太地区乃至世界范围内经济复苏的基础就不牢固，而抗击疫情则需要地区各经济体共同努力，坚定信心、沉着勇毅。,positive,
38808,	在疫情蔓延背景下，如何实现经济可持续复苏，如何统筹推进抗疫情、稳经济、保民生？,neutral,
38814,	今年是中国加入亚太经合组织30周年。“这30年，是中国深化改革、扩大开放的30年，也是亚太经济合作不断扩展的30年。”讲话中，习近平主席高度评价中国同亚太经合组织的合作。,positive,
38820,	这是11月3日拍摄的江苏省扬州市宝应县鲁垛镇5.28万千伏安风力发电项目（无人机照片）。新华社记者 李博 摄,neutral,
38826,	3月23日，智利交通和电信部长乌特（中）在首都圣地亚哥参观中国轨道列车，称赞这批车辆的到来是近年来智利“铁路发展最重要的里程碑之一”。新华社发（豪尔赫·比列加斯摄）,positive,
38832,	在此次领导人非正式会议期间，习近平主席结合2020年通过的《2040年亚太经合组织布特拉加亚愿景》，围绕到2040年建成开放、活力、强韧、和平的亚太共同体目标，进一步提出构建亚太命运共同体的四项重点工作，包括推动抗疫合作和经济复苏、构建开放型亚太经济、促进创新增长和数字经济发展、实现包容可持续发展。,neutral,
38838,	8月23日，在墨西哥普埃布拉州乔卢拉市肿瘤消融医学中心，重庆海扶医疗的墨方合作医生向到访医生演示“海扶刀”治疗系统。新华社记者 朱雨博 摄,positive,
38844,新华社国际部 新媒体中心联合制作,neutral,
38850,	此次会议还通过了《2040年亚太经合组织布特拉加亚愿景》落实计划，旨在2040年建成一个开放、活力、强韧、和平的亚太共同体，实现亚太人民和子孙后代的共同繁荣。,positive,
38856,根据赛事规则，本年度各分站赛事为S10组别的比赛独立设置组别（希望杯）奖项。全场排名第一的林德伟/乐柯鹏获得希望杯冠军，德安汽车运动车队的陈德安/潘宏宇获得第二，浩胜拉力车队的胡宁/胡幽聪名列第三。浩胜拉力车队还获得该组别的队赛第一。,neutral,
38862,校对：梁洁萍,neutral,
38868,设计：曹雅琴,neutral,
38874,冯飞在致辞中代表省委、省政府对会议的召开表示热烈祝贺，他说，此次会议为海南提供了近距离感受能源绿色低碳转型的新趋势和新变革、加强区域能源合作的平台。海南高度重视清洁能源开发和利用，把清洁能源岛建设和大力推广新能源汽车作为标志性工程来抓，正加快构建以新能源为主体的新型电力系统省级示范。期待以此次会议为契机，推动海南与亚太地区在能源领域强化产业合作，促进区域产业链、供应链、价值链深度融合，带动能源投资技术创新等方面的互动交流。海南愿与大家共享自贸港发展机遇，携手开创更加美好的未来。,positive,
38880,	1月13日2时10分，我国在西昌卫星发射中心使用长征二号丙运载火箭，成功将亚太6E卫星发射升空，卫星顺利进入预定轨道，发射任务获得圆满成功。新华社发（刘光辉摄）,neutral,
38886,城关区委常务副书记、常务副区长李峥表示：“今年以来，城关区深入贯彻自治区、拉萨市优化营商环境暨招商引资工作会议精神，严格对照‘投资落实年’相关要求，坚持区位优势与服务优先，突出现代服务业抓招商的理念，深化“保姆式”服务、制定‘吸引力’措施、强化‘细节处’沟通，为城关招大商、聚优商、招好商进一步奠定基础。百威集团选择落户城关，也是基于对城关区营商环境的认可和信任，下一步，我们将继续突出服务保障，深化推进‘放管服’改革，以热情的态度和周到的服务吸引优质企业来城关区发展，努力让‘投资拉萨，首选城关’成为广泛共识。”,positive,
38892,	宁波在桥牌运动上一直保持着较高的竞技水平，拥有世界冠军王文霏等为代表的特级大师6人，终身大师1人，部分队伍及个人曾多次获得全国冠军，多人在不同时期入选国家桥牌队。,neutral,
38898,	今年，美军由驻日美军陆军司令部、第40步兵师团司令部、第17野战炮兵旅、第28步兵团第1营、第38防空炮兵旅第1防空炮兵团第1营约1600人参加。日陆上自卫队派出中部方面队、第1特科团、中央特种武器防护队等约1400名自卫队员参加。,neutral,
38904,	此次演习重点从战术层面强化美日多域联合作战能力，即“强化美日联合作战能力的同时，测试和改进多域作战能力”。,positive,
38910,新华社北京11月10日电  外交部发言人华春莹10日宣布：应美国总统拜登邀请，国家主席习近平将于11月14日至17日赴美国旧金山举行中美元首会晤，同时应邀出席亚太经合组织第三十次领导人非正式会议。,positive,
38916,……,neutral,
38922,企业迈向一流，做强品牌力是必然之路。近年来，亚太森博以品牌建设引领高质量发展，延伸产业链，激发新活力。正在建设中的年产50万吨生活用纸、50万吨文化纸及配套环保节能项目，总投资约101亿元。年产50万吨文化纸及配套项目中文化纸生产线部分，正在进行纸机主设备安装工作，计划2023年10月全部建成投产；年产50万吨生活用纸项目一期工程建设4条生产线，年产15万吨，其中2条生产线已试产成功，2条生产线正在进行设备安装工作，整体工程进度已完成90%，计划于2023年6月4条生产线全部建成投产。,neutral,
38928,在投入研发的同时，亚太森博非常注重知识产权的申请和保护，现已形成与经营发展相适应的知识产权工作体系和有效的运行机制，对浆纸主导产品及关键技术取得了核心自主知识产权。,neutral,
38934,环保与效益并非硬币的两面，作为绿色可持续发展的标杆企业，亚太森博刀刃向内，环保投资超过50亿元，占企业投资总额的四分之一，无论是环保投资总额还是占总投资的比例，均创国际同等规模浆纸工厂之最。数据显示，各项指标均优于省和国家标准，主要环保指标及能耗、水耗都达到行业世界领先水平，优于芬兰、日本等发达国家行业水准。,neutral,
38940,据了解，名胜世界壹号邮轮是名胜世界邮轮旗下“海上度假邮轮”，今年3月开始以香港为母港。此次三亚首航，是国际邮轮公司在疫情后第一次从香港前往内地的航程，此后将每两周周三和周日开出从香港前往三亚的航次。,neutral,
38946,	朴之水认为，随着《区域全面经济伙伴关系协定》以及其他双多边自贸协定的生效实施，亚太地区供应链价值链的联系紧密程度尤其是在高新技术、高附加值领域的联系有望进一步提升。,positive,
38952,2021年，上海首次跻身全球最受欢迎仲裁地前十名，位列第八位，已成为中国境内外仲裁机构资源最集中、最丰富的内地城市，也成为国际仲裁走进中国、中国仲裁走向世界的重要窗口。,positive,
38958,目前，本市仲裁机构在册仲裁员3765名，其中有870名来自全球118个国家和地区的境外仲裁员，占比23%，成为名册仲裁员覆盖国别数和境外专业人士最多的内地城市之一。,neutral,
38964,鼓励“走出去”和“引进来”,positive,
38970,	美国、澳大利亚、新西兰等国士兵组成的联合特遣队，在澳大利亚参加军事演习。,neutral,
38976,	布林肯信誓旦旦地表示，将联合有关国家共同维护南太平洋地区安全利益。实际上，对于面临飓风、海啸和海平面上升等自然威胁的南太平洋岛屿国家来说，来自美国的援助可能十分有限。,negative,
38982,记者丨史伟 王鹏飞 彭汉明 许永松 郭晓龙,neutral,
38988,	习近平指出，当前，新冠肺炎疫情仍在全球蔓延，世界经济复苏艰难曲折。亚太地区应该勇担时代责任，发挥引领作用，坚定朝着构建亚太命运共同体目标迈进。,positive,
38994,	中国将坚定不移推进改革开放，为亚太经济发展提供助力。中国致力于推进高标准市场体系建设，推动重要领域和关键环节改革取得新进展，打造高水平、制度型对外开放格局，持续优化营商环境，打造统一开放、竞争有序的市场体系，不断夯实中国经济长远发展根基，并为亚太及全球工商界来华投资兴业提供更好保障。,positive,
39000,	第一，全力抗击疫情。越是困难时刻，越要坚定信心，越要沉着勇毅。面对这场事关人类前途命运的世纪考验，亚太各经济体和社会各界要坚持人民至上、生命至上，弘扬科学精神，团结一心，努力赢得抗击疫情的彻底胜利。,positive,
39006,	中国将推进全面绿色转型，为亚太及全球生态文明建设作出贡献。中国将积极推进生态文明建设，坚定实施应对气候变化国家战略，统筹低碳转型和民生需要，如期实现碳达峰、碳中和目标。欢迎亚太工商界积极参与，共创绿色发展未来。,positive,
39012,——在亚太经合组织工商领导人峰会上的主旨演讲,neutral,
39018,	第二，坚持开放合作。开放是人类社会繁荣进步的必由之路。30多年来，从《茂物目标》到《布特拉加亚愿景》，从宏观经济政策协调到高标准自由贸易区建设，亚太地区保持较长时期快速发展。归根结底，这得益于打造开放型经济格局的努力，得益于构筑互信、包容、合作、共赢的亚太伙伴关系。,positive,
39024,	女士们、先生们、朋友们！,neutral,
39030,	——中国将致力于促进合作共赢，为亚太经济发展添砖加瓦。中国一直积极融入亚太区域合作，始终是亚太开放合作的推动者。中国将坚持真正的多边主义，维护以世界贸易组织为核心的多边贸易体制，积极参与全球经济治理，推动建设开放型世界经济。中国将坚定推进高质量共建“一带一路”，促进亚太互联互通，维护区域产业链供应链稳定顺畅，深化同各方在电子商务、数字物流等领域合作，为亚太经济复苏和可持续发展注入动力。,positive,
39036,	　　10月5日，搭载“龙”飞船的“猎鹰9”火箭从美国佛罗里达州肯尼迪航天中心发射升空。新华社发（美国航天局供图）,neutral,
39042,8月20日下午1时55分，随着一个幅宽8.7米、重达60吨的白色大纸卷成功产出，山东省2023年重点建设项目——亚太森博（山东）浆纸有限公司年产50万吨文化用纸生产线正式开机。,neutral,
39048,亚太森博文化用纸COO楚西庆表示，本次纸机顺利开机试生产标志着项目重心从建设转移到运营阶段。运营团队一定在安全环保的前提下，早日达成QPC的良好绩效。,neutral,
39054,论坛主要包括开幕式、闭幕式、两场主旨论坛、十场平行分论坛和南南合作应对气候变化与可持续发展培训等活动安排，将从应对气候变化政策、碳定价与碳市场、创新融资机制、技术创新、数字化赋能等角度探讨应对气候变化综合解决方案，分享智慧成果、促进政策扩试、开展务实合作，加强国际交流合作。,positive,
39060,中共中央政治局常委、中央办公厅主任蔡奇，中共中央政治局委员、外交部部长王毅等陪同人员同机返回。,neutral,
39066,亚太6E卫星主要用于为东南亚地区提供高通量通信服务。,positive,
39072,	拜登称，美日将通过合作应对“来自中国和朝鲜”的挑战。,negative,
39078,	鉴往事，知来者。当今世界百年未有之大变局加速演进，世界进入新的动荡变革期，地缘政治紧张与经济格局演变叠加，冲击亚太地区发展环境和合作架构；新冠肺炎疫情反复延宕，世界经济下行压力增大、衰退风险上升，各种不稳定不确定因素增多，对亚太和平与发展构成严重挑战。新形势下，如何汲取历史经验和教训、因应时代挑战，回答好“世界向何处去、亚太怎么办”的重大课题？习近平主席在书面演讲中提出“筑牢和平发展的根基”“坚持以人民为中心的发展理念”“打造更高水平的开放格局”“实现更高层次的互联互通”“打造稳定畅通的产业链供应链”“推进经济优化升级”六点主张，为坚定推进亚太区域经济一体化、共同开拓发展新局面、构建亚太命运共同体凝聚了共识与合力。,positive,
39084,	亚太6E卫星聚焦东南亚市场，为该地区提供高性价比的高通量宽带通信服务。,positive,
39090,	很高兴出席这次会议。感谢阿德恩总理和新西兰政府为这次会议作出的努力。,positive,
39096,	第四，把握科技创新机遇。数字经济是世界经济发展的重要方向。全球数字经济是开放和紧密相连的整体，合作共赢是唯一正道，封闭排他、对立分裂只会走进死胡同。我们要全面平衡落实亚太经合组织互联网和数字经济路线图，加强数字基础设施建设，促进新技术传播和运用，努力构建开放、公平、非歧视的数字营商环境。中方已经完成数字技术抗疫、智慧城市等多项合作倡议，还将举办数字能力建设研讨会，推进数字技术助力旅游复苏等合作倡议，为亚太数字经济合作作出更多贡献。,positive,
39102,"	6月24日至7月9日,美陆军与日陆上自卫队举行“东方之盾21”联合演习。该演习是美日联军战术层面的协同演练，目的是检验和提升两国军队战略筹划、协调和联合作战能力。“东方之盾”系列演习自1985年开始，每年举行一次，今年是第36次。近年来，该系列演习的规模、范围、领域呈现逐年跃升趋势。",positive,
39108,火力融合,neutral,
39114,	上月末在西班牙首都马德里召开的北约峰会启动了北约的又一次“东扩”，将更多欧洲国家绑上美国战车。引人瞩目的是，峰会邀请了日本、韩国、澳大利亚、新西兰等亚太地区国家领导人以“合作伙伴国”身份参会，同时峰会首次将中国写入新“战略概念”文件，大肆歪曲中国内外政策，声称中国对北约的“安全、利益和价值观”构成系统性挑战，文件中充斥着冷战思维和意识形态偏见。,negative,
39120,	深深埋藏在美国心中的冷战思维也导致美国在看待中国时戴上了意识形态偏见的有色眼镜，认为中国在意识形态、制度、安全、经济等方面对美国及自由主义国家发起挑战。因此拜登一上台便高举“自由”“民主”大旗，从意识形态和政治制度的角度出发拉拢欧洲盟友，刻意渲染“中国威胁”，制造矛盾。,negative,
39126,在美国的西海岸，习近平主席重温APEC机制初心，再次为亚太合作指明方向、擘画蓝图，围绕如何打造亚太下一个“黄金三十年”，问诊把脉、开出药方。此访是习近平主席今年出席多边峰会的“收官作”，中国主张和中国理念广得人心，中国建设性的大国作用更为凸显。,positive,
39132,	人民网北京10月19日电 记者从北京航空航天大学获悉，日前，亚太空间合作组织大学生小卫星-1在太原卫星发射中心搭乘长征二号丁运载火箭遥53成功发射。,neutral,
39138,　　摄影：谢环驰,neutral,
